nemo,run,serie,tipoentidad,row,nombre_cmf
CFIACESA-E,9744,A,FINRE,AAAw+cAAhAABP4UAAn,AMERIS CESL II FONDO DE INVERSIÓN
CFIACESB-E,9744,B,FINRE,AAAw+cAAhAABP4UAAn,AMERIS CESL II FONDO DE INVERSIÓN
CFIACESC-E,9744,C,FINRE,AAAw+cAAhAABP4UAAn,AMERIS CESL II FONDO DE INVERSIÓN
CFIACESI-E,9744,I,FINRE,AAAw+cAAhAABP4UAAn,AMERIS CESL II FONDO DE INVERSIÓN
CFICGGI2-E,9275,A,FINRE,AAAw+cAAhAABP4OAAx,COMPASS GLOBAL INVESTMENTS II FONDO DE INVERSION
CFIPE13A-E,9257,A,FINRE,AAAw+cAAhAABP4PAAo,COMPASS PRIVATE EQUITY XIII FONDO DE INVERSION
CFIPE13B-E,9257,B,FINRE,AAAw+cAAhAABP4PAAo,COMPASS PRIVATE EQUITY XIII FONDO DE INVERSION
CFIPE13C-E,9257,C,FINRE,AAAw+cAAhAABP4PAAo,COMPASS PRIVATE EQUITY XIII FONDO DE INVERSION
CFIIMPE2-E,7276,I,FINRE,AAAw+cAAhAABP4IAAo,FONDO DE INVERSIÓN CREDICORP CAPITAL PRIVATE EQUITY – PG DIRECT II
CFISECOC-E,9573,C,FINRE,AAAw+cAAhAABP4VAAA,FONDO DE INVERSION SECURITY OAKTREE REAL ESTATE INCOME FUND
CFIBCISCBC,9113,AP,FINRE,AAAw+cAAhAABP4JAA1,BCI SMALL CAP CHILE FONDO DE INVERSION
CFIBCISCCL,9113,AP,FINRE,AAAw+cAAhAABP4JAA1,BCI SMALL CAP CHILE FONDO DE INVERSION
CFILCP9A-E,9621,A,FINRE,AAAw+cAAhAABP4XAAQ,COMPASS LCP IX PRIVATE EQUITY FONDO DE INVERSION
CFILCP9B-E,9621,B,FINRE,AAAw+cAAhAABP4XAAQ,COMPASS LCP IX PRIVATE EQUITY FONDO DE INVERSION
CFILCP9C-E,9621,C,FINRE,AAAw+cAAhAABP4XAAQ,COMPASS LCP IX PRIVATE EQUITY FONDO DE INVERSION
CFILCP9I-E,9621,I,FINRE,AAAw+cAAhAABP4XAAQ,COMPASS LCP IX PRIVATE EQUITY FONDO DE INVERSION
CFILCP9R-E,9621,R,FINRE,AAAw+cAAhAABP4XAAQ,COMPASS LCP IX PRIVATE EQUITY FONDO DE INVERSION
CFICPD2A-E,9324,A,FINRE,AAAw+cAAhAABP4LAA3,COMPASS PRIVATE DEBT II FONDO DE INVERSION
CFICPD2B-E,9324,B,FINRE,AAAw+cAAhAABP4LAA3,COMPASS PRIVATE DEBT II FONDO DE INVERSION
CFIDHS1,7182,UNICA,FINRE,AAAw+cAAhAABP4IAAH,FONDO DE INVERSIÓN ACTIVA DEUDA HIPOTECARIA CON SUBSIDIO HABITACIONAL I
CFIDHS2-A,9082,A,FINRE,AAAw+cAAhAABP4JAAp,FONDO DE INVERSIÓN ACTIVA DEUDA HIPOTECARIA CON SUBSIDIO HABITACIONAL II
CFI-APOXFE,10292,F,FINRE,AAAw+cAAhAABQKHAA1,FONDO DE INVERSIÓN LARRAÍN VIAL APOLLO X
CFI-APOXIE,10292,I,FINRE,AAAw+cAAhAABQKHAA1,FONDO DE INVERSIÓN LARRAÍN VIAL APOLLO X
CFI-APOXPE,10292,P,FINRE,AAAw+cAAhAABQKHAA1,FONDO DE INVERSIÓN LARRAÍN VIAL APOLLO X
CFI-APOXRE,10292,R,FINRE,AAAw+cAAhAABQKHAA1,FONDO DE INVERSIÓN LARRAÍN VIAL APOLLO X
CFILVADV-E,7239,A,FINRE,AAAw+cAAhAABP4CAAu,FONDO DE INVERSION LARRAIN VIAL DOVER
CFILVHVU-E,7197,A,FINRE,AAAw+cAAhAABP4CAAh,FONDO DE INVERSION LARRAIN VIAL HARBOURVEST-US
CFICIP7E-E,9214,E,FINRE,AAAw+cAAhAABP4NAAk,FONDO DE INVERSION HMC CIP VII GLOBAL SECONDARIES
CFICIPII-E,9214,I,FINRE,AAAw+cAAhAABP4NAAk,FONDO DE INVERSION HMC CIP VII GLOBAL SECONDARIES
CFICIP7B-E,9230,UNICA,FINRE,AAAw+cAAhAABP4MAAu,FONDO DE INVERSION HMC CIP VII GLOBAL SECONDARIES II
CFINHPTN-E,7228,UNICA,FINRE,AAAw+cAAhAABP4IAAh,FONDO DE INVERSION HMC PNTN
CFMITNIPSA,9019,UNICA,RGFMU,AAAw+cAAhAABP4GAAp,FONDO MUTUO ETF IT NOW S&P IPSA
CFMESGIPSA,9019,UNICA,RGFMU,AAAw+cAAhAABP4GAAp,FONDO MUTUO ETF IT NOW S&P IPSA
CFIPHVD9-E,9327,UNICA,FINRE,AAAw+cAAhAABP4MAA2,PICTON - HARBOURVEST DOVER IX FULLY FUNDED FONDO DE INVERSION
CFIVPE6A-E,9723,A,FINRE,AAAw+cAAhAABP4UAAh,VOLCOMCAPITAL PRIVATE EQUITY VI FONDO DE INVERSIÓN
CFIVPE6B-E,9723,B,FINRE,AAAw+cAAhAABP4UAAh,VOLCOMCAPITAL PRIVATE EQUITY VI FONDO DE INVERSIÓN
CFIVPE6C-E,9723,C,FINRE,AAAw+cAAhAABP4UAAh,VOLCOMCAPITAL PRIVATE EQUITY VI FONDO DE INVERSIÓN
CFIVPE6D-E,9723,D,FINRE,AAAw+cAAhAABP4UAAh,VOLCOMCAPITAL PRIVATE EQUITY VI FONDO DE INVERSIÓN
CFITDPFS-E,9970,S,FIRES,AAAw+cAAhAABQKEAAL,TOESCA DEUDA PRIVADA FACTURAS FONDO DE INVERSIÓN
CFITDPFT-E,9970,T,FIRES,AAAw+cAAhAABQKEAAL,TOESCA DEUDA PRIVADA FACTURAS FONDO DE INVERSIÓN
CFIHMCRGPB,9769,BP,FIRES,AAAw+cAAhAABP4UAAt,FONDO DE INVERSION HMC RENTA GLOBAL PESOS
CFIHMCRGPI,9769,I,FIRES,AAAw+cAAhAABP4UAAt,FONDO DE INVERSION HMC RENTA GLOBAL PESOS
CFIHMCRGPX,9769,X,FIRES,AAAw+cAAhAABP4UAAt,FONDO DE INVERSION HMC RENTA GLOBAL PESOS
CFIAFE2F-E,10344,F,FINRE,AAAw+cAAhAABQKFAAt,FONDO DE INVERSIÓN ACTIVA FINANCIAMIENTO ESTRUCTURADO II
CFIAFE2I,10344,I,FINRE,AAAw+cAAhAABQKFAAt,FONDO DE INVERSIÓN ACTIVA FINANCIAMIENTO ESTRUCTURADO II
CFIAFE2R,10344,R,FINRE,AAAw+cAAhAABQKFAAt,FONDO DE INVERSIÓN ACTIVA FINANCIAMIENTO ESTRUCTURADO II
CFIMERPA,10121,A,FINRE,AAAw+cAAhAABQKHAAY,FONDO DE INVERSIÓN ACTIVA MERCADO PAGO
CFIMERPB,10121,B,FINRE,AAAw+cAAhAABQKHAAY,FONDO DE INVERSIÓN ACTIVA MERCADO PAGO
CFIMERPI-E,10121,I,FINRE,AAAw+cAAhAABQKHAAY,FONDO DE INVERSIÓN ACTIVA MERCADO PAGO
CFILVMXA-E,9639,A,FINRE,AAAw+cAAhAABP4TAAO,FONDO DE INVERSIÓN LARRAÍN VIAL MÉXICO MEZZANINE
CFILVMXB-E,9639,B,FINRE,AAAw+cAAhAABP4TAAO,FONDO DE INVERSIÓN LARRAÍN VIAL MÉXICO MEZZANINE
CFILVMXI-E,9639,I,FINRE,AAAw+cAAhAABP4TAAO,FONDO DE INVERSIÓN LARRAÍN VIAL MÉXICO MEZZANINE
CFIPTPG7-E,9264,UNICA,FINRE,AAAw+cAAhAABP4NAAq,PICTON-TPG VII FONDO DE INVERSION
CFIXHPSA-E,9718,A,FINRE,AAAw+cAAhAABP4WAAd,XLC – HPS MEZZANINE IV FONDO DE INVERSIÓN
CFIXHPSB-E,9718,B,FINRE,AAAw+cAAhAABP4WAAd,XLC – HPS MEZZANINE IV FONDO DE INVERSIÓN
CFIXDPFP-E,10477,A,FINRE,AAAw+cAAhAABQK+AAN,XLC DEUDA PRIVADA I FONDO DE INVERSIÓN
CFICGPE4-E,7260,A,FINRE,AAAw+cAAhAABP4JAAD,COMPASS PRIVATE EQUITY IV FONDO DE INVERSION
CFISDPAA-E,10649,A,FINRE,AAAw+cAAhAABQK7AAn,FONDO DE INVERSIÓN SECURITY DEUDA PRIVADA AUTOMOTRIZ III
CFISDPAS-E,10649,A,FINRE,AAAw+cAAhAABQK7AAn,FONDO DE INVERSIÓN SECURITY DEUDA PRIVADA AUTOMOTRIZ III
CFISDP2A-E,10649,A,FINRE,AAAw+cAAhAABQK7AAn,FONDO DE INVERSIÓN SECURITY DEUDA PRIVADA AUTOMOTRIZ III
CFISDP2B-E,10649,A,FINRE,AAAw+cAAhAABQK7AAn,FONDO DE INVERSIÓN SECURITY DEUDA PRIVADA AUTOMOTRIZ III
CFISDP2S-E,10649,A,FINRE,AAAw+cAAhAABQK7AAn,FONDO DE INVERSIÓN SECURITY DEUDA PRIVADA AUTOMOTRIZ III
CFIOREIA-E,9846,A,FINRE,AAAw+cAAhAABP4XABA,FONDO DE INVERSIÓN SINGULAR OAKTREE REAL ESTATE INCOME
CFIOREII-E,9846,I,FINRE,AAAw+cAAhAABP4XABA,FONDO DE INVERSIÓN SINGULAR OAKTREE REAL ESTATE INCOME
CFIOREIO-E,9846,O,FINRE,AAAw+cAAhAABP4XABA,FONDO DE INVERSIÓN SINGULAR OAKTREE REAL ESTATE INCOME
CFICGGLI-E,9165,A,FINRE,AAAw+cAAhAABP4LAAc,COMPASS GLOBAL INVESTMENTS FONDO DE INVERSION
CFIPE12A-E,9167,A,FINRE,AAAw+cAAhAABP4MAAm,COMPASS PRIVATE EQUITY XII FONDO DE INVERSION
CFIPE12B-E,9167,B,FINRE,AAAw+cAAhAABP4MAAm,COMPASS PRIVATE EQUITY XII FONDO DE INVERSION
CFIPE12C-E,9167,C,FINRE,AAAw+cAAhAABP4MAAm,COMPASS PRIVATE EQUITY XII FONDO DE INVERSION
CFIVMI2A-E,10055,A,FINRE,AAAw+cAAhAABQKCAAX,VOLCOMCAPITAL MID MARKET II FONDO DE INVERSIÓN
CFIVMI2B-E,10055,B,FINRE,AAAw+cAAhAABQKCAAX,VOLCOMCAPITAL MID MARKET II FONDO DE INVERSIÓN
CFIVMI2C-E,10055,C,FINRE,AAAw+cAAhAABQKCAAX,VOLCOMCAPITAL MID MARKET II FONDO DE INVERSIÓN
CFIVPE9A-E,10186,A,FINRE,AAAw+cAAhAABQKAAAp,VOLCOMCAPITAL PRIVATE EQUITY IX FONDO DE INVERSIÓN
CFIVPE9B-E,10186,B,FINRE,AAAw+cAAhAABQKAAAp,VOLCOMCAPITAL PRIVATE EQUITY IX FONDO DE INVERSIÓN
CFIVPE9C-E,10186,C,FINRE,AAAw+cAAhAABQKAAAp,VOLCOMCAPITAL PRIVATE EQUITY IX FONDO DE INVERSIÓN
CFIBPDPA-E,9571,A,FINRE,AAAw+cAAhAABP4TAAA,BTG PACTUAL DEUDA PRIVADA FONDO DE INVERSION
CFIBPDPE-E,9571,E,FINRE,AAAw+cAAhAABP4TAAA,BTG PACTUAL DEUDA PRIVADA FONDO DE INVERSION
CFIBPDPF-E,9571,F,FINRE,AAAw+cAAhAABP4TAAA,BTG PACTUAL DEUDA PRIVADA FONDO DE INVERSION
CFIBPDPI-E,9571,I,FINRE,AAAw+cAAhAABP4TAAA,BTG PACTUAL DEUDA PRIVADA FONDO DE INVERSION
CFIVCOIA-E,9599,A,FINRE,AAAw+cAAhAABP4UAAF,VOLCOMCAPITAL COINVERSIONES FONDO DE INVERSION
CFIVCOIB-E,9599,B,FINRE,AAAw+cAAhAABP4UAAF,VOLCOMCAPITAL COINVERSIONES FONDO DE INVERSION
CFIVCOIC-E,9599,C,FINRE,AAAw+cAAhAABP4UAAF,VOLCOMCAPITAL COINVERSIONES FONDO DE INVERSION
CFIVCOIZ-E,9599,Z,FINRE,AAAw+cAAhAABP4UAAF,VOLCOMCAPITAL COINVERSIONES FONDO DE INVERSION
CFIVOBDP-E,9384,B,FINRE,AAAw+cAAhAABP4PAAD,VOLCOMCAPITAL DEUDA PRIVADA FONDO DE INVERSION
CFIBSIVA-E,9572,A,FINRE,AAAw+cAAhAABP4WAAB,BICE STEPSTONE IV FONDO DE INVERSION
CFIBSIVI-E,9572,I,FINRE,AAAw+cAAhAABP4WAAB,BICE STEPSTONE IV FONDO DE INVERSION
CFIAEAA-E,9635,A,FINRE,AAAw+cAAhAABP4UAAL,FONDO DE INVERSION ACTIVA ESTRATEGIA AUTOMOTRIZ
CFIAEAB-E,9635,B,FINRE,AAAw+cAAhAABP4UAAL,FONDO DE INVERSION ACTIVA ESTRATEGIA AUTOMOTRIZ
CFIAEAC-E,9635,C,FINRE,AAAw+cAAhAABP4UAAL,FONDO DE INVERSION ACTIVA ESTRATEGIA AUTOMOTRIZ
CFIBPERA-E,10078,A,FINRE,AAAw+cAAhAABQKCAAa,FONDO DE INVERSIÓN BCI HLC PERFECCIONAMIENTO
CFIBPADC-E,10078,ADC,FINRE,AAAw+cAAhAABQKCAAa,FONDO DE INVERSIÓN BCI HLC PERFECCIONAMIENTO
CFIBPERB-E,10078,BCI,FINRE,AAAw+cAAhAABQKCAAa,FONDO DE INVERSIÓN BCI HLC PERFECCIONAMIENTO
CFICCD2B-E,9567,B,FINRE,AAAw+cAAhAABP4WAAA,FONDO DE INVERSIÓN CREDICORP CAPITAL - PRIVATE DEBT II
CFICCD2I-E,9567,I,FINRE,AAAw+cAAhAABP4WAAA,FONDO DE INVERSIÓN CREDICORP CAPITAL - PRIVATE DEBT II
CFIPPCS4-E,9841,UNICA,FINRE,AAAw+cAAhAABP4XAA/,PICTON - PCS IV FONDO DE INVERSIÓN
CFIDEU6U-E,10417,UNICA,FINRE,AAAw+cAAhAABQK6AAD,VOLCOMCAPITAL DEUDA VI FONDO DE INVERSION
CFIHMI3I-E,9740,I,FINRE,AAAw+cAAhAABP4UAAm,FONDO DE INVERSIÓN HMC MEZZANINE INMOBILIARIO III
CFIHMI3R-E,9740,R,FINRE,AAAw+cAAhAABP4UAAm,FONDO DE INVERSIÓN HMC MEZZANINE INMOBILIARIO III
CFIVCO3A-E,9788,A,FINRE,AAAw+cAAhAABP4VAAl,VOLCOMCAPITAL COINVESTMENT III FONDO DE INVERSIÓN
CFIVCO3B-E,9788,B,FINRE,AAAw+cAAhAABP4VAAl,VOLCOMCAPITAL COINVESTMENT III FONDO DE INVERSIÓN
CFIVDPPA-E,9483,A,FINRE,AAAw+cAAhAABP4MAAT,VOLCOMCAPITAL DEUDA PRIVADA PERU FONDO DE INVERSION
CFIVDPPB-E,9483,B,FINRE,AAAw+cAAhAABP4MAAT,VOLCOMCAPITAL DEUDA PRIVADA PERU FONDO DE INVERSION
CFIVDPPC-E,9483,C,FINRE,AAAw+cAAhAABP4MAAT,VOLCOMCAPITAL DEUDA PRIVADA PERU FONDO DE INVERSION
CFIAXSA-E,10413,A,FINRE,AAAw+cAAhAABQK+AAD,ALZA FINTECH X FONDO DE INVERSION
CFIIMSECII,9170,UNICA,FINRE,AAAw+cAAhAABP4OAAd,FONDO DE INVERSIÓN CREDICORP CAPITAL PRIVATE EQUITY – PG SECONDARIES II
CFIIMTPGF,9185,E,FINRE,AAAw+cAAhAABP4LAAh,FONDO DE INVERSIÓN CREDICORP CAPITAL PRIVATE EQUITY – PG SECONDARIES II FULLY FUNDED
CFIFTMHE-E,9821,UNICA,FINRE,AAAw+cAAhAABP4UAA3,FRONTAL TRUST FINANCIAMIENTO HIPOTECARIO HABITACIONAL FONDO DE INVERSIÓN
CFIVDP2A-E,9656,A,FINRE,AAAw+cAAhAABP4WAAV,VOLCOMCAPITAL DEUDA PERU II FONDO DE INVERSION
CFIVDP2B-E,9656,B,FINRE,AAAw+cAAhAABP4WAAV,VOLCOMCAPITAL DEUDA PERU II FONDO DE INVERSION
CFIVDP2E-E,9656,E,FINRE,AAAw+cAAhAABP4WAAV,VOLCOMCAPITAL DEUDA PERU II FONDO DE INVERSION
CFIBSO4A-E,9747,A,FINRE,AAAw+cAAhAABP4UAAo,BICE STEPSTONE SSOF IV FONDO DE INVERSIÓN
CFIBSO4I-E,9747,I,FINRE,AAAw+cAAhAABP4UAAo,BICE STEPSTONE SSOF IV FONDO DE INVERSIÓN
CFMTOEEQUB,9414,B,RGFMU,AAAw+cAAhAABP4MAAK,FONDO MUTUO TOESCA CHILE EQUITIES
CFIPES1A-E,9240,A,FINRE,AAAw+cAAhAABP4KAAp,VOLCOMCAPITAL PE SECONDARY I FONDO DE INVERSION
CFIPES1B-E,9240,B,FINRE,AAAw+cAAhAABP4KAAp,VOLCOMCAPITAL PE SECONDARY I FONDO DE INVERSION
CFIPES2A-E,9263,A,FINRE,AAAw+cAAhAABP4PAAr,VOLCOMCAPITAL PE SECONDARY II FONDO DE INVERSION
CFIPES2E-E,9263,E,FINRE,AAAw+cAAhAABP4PAAr,VOLCOMCAPITAL PE SECONDARY II FONDO DE INVERSION
CFIAMG3A-E,9461,A,FINRE,AAAw+cAAhAABP4KAAO,AMERIS NM GUARDIAN II FONDO DE INVERSIÓN
CFIAMG3I-E,9461,A,FINRE,AAAw+cAAhAABP4KAAO,AMERIS NM GUARDIAN II FONDO DE INVERSIÓN
CFIAMG3R-E,9461,A,FINRE,AAAw+cAAhAABP4KAAO,AMERIS NM GUARDIAN II FONDO DE INVERSIÓN
CFIAMG3T-E,9461,A,FINRE,AAAw+cAAhAABP4KAAO,AMERIS NM GUARDIAN II FONDO DE INVERSIÓN
CFILVDAF-E,9703,F,FINRE,AAAw+cAAhAABP4WAAc,FONDO DE INVERSIÓN ACTIVA DEUDA AUTOMOTRIZ PERÚ
CFILVDAI-E,9703,I,FINRE,AAAw+cAAhAABP4WAAc,FONDO DE INVERSIÓN ACTIVA DEUDA AUTOMOTRIZ PERÚ
CFILVDAR-E,9703,R,FINRE,AAAw+cAAhAABP4WAAc,FONDO DE INVERSIÓN ACTIVA DEUDA AUTOMOTRIZ PERÚ
CFILVDAS-E,9703,S,FINRE,AAAw+cAAhAABP4WAAc,FONDO DE INVERSIÓN ACTIVA DEUDA AUTOMOTRIZ PERÚ
CFILVEPF-E,9710,F,FINRE,AAAw+cAAhAABP4VAAV,FONDO DE INVERSIÓN ACTIVA FINANCIAMIENTO ESTRUCTURADO PERU
CFILVEPI-E,9710,I,FINRE,AAAw+cAAhAABP4VAAV,FONDO DE INVERSIÓN ACTIVA FINANCIAMIENTO ESTRUCTURADO PERU
CFILVEPR-E,9710,R,FINRE,AAAw+cAAhAABP4VAAV,FONDO DE INVERSIÓN ACTIVA FINANCIAMIENTO ESTRUCTURADO PERU
CFILVEPS-E,9710,S,FINRE,AAAw+cAAhAABP4VAAV,FONDO DE INVERSIÓN ACTIVA FINANCIAMIENTO ESTRUCTURADO PERU
CFILVBCP-E,7174,A,FINRE,AAAw+cAAhAABP4HABB,FONDO DE INVERSION LARRAIN VIAL - BCP
CFILVHVI-E,7196,A,FINRE,AAAw+cAAhAABP4CAA2,FONDO DE INVERSION LARRAIN VIAL HARBOURVEST EX-US
CFIMRCLP,7099,A,FINRE,AAAw+cAAhAABP4HAAV,MONEDA RENTA CLP FONDO DE INVERSION
CFIRCLAE,7099,AE,FINRE,AAAw+cAAhAABP4HAAV,MONEDA RENTA CLP FONDO DE INVERSION
CFIMRCLPR,7099,R,FINRE,AAAw+cAAhAABP4HAAV,MONEDA RENTA CLP FONDO DE INVERSION
CFIMRCLPRE,7099,A,FINRE,AAAw+cAAhAABP4HAAV,MONEDA RENTA CLP FONDO DE INVERSION
CFIXDPIA-E,10477,A,FINRE,AAAw+cAAhAABQK+AAN,XLC DEUDA PRIVADA I FONDO DE INVERSIÓN
CFIBTGRCA,8950,A,RGFMU,AAAw+cAAhAABP4EAAq,FONDO MUTUO BTG PACTUAL RENTA ACTIVA
CFIBTGRCI,8950,A,RGFMU,AAAw+cAAhAABP4EAAq,FONDO MUTUO BTG PACTUAL RENTA ACTIVA
CFIBTGRRA,8950,A,RGFMU,AAAw+cAAhAABP4EAAq,FONDO MUTUO BTG PACTUAL RENTA ACTIVA
CFIBTGRRH,8950,A,RGFMU,AAAw+cAAhAABP4EAAq,FONDO MUTUO BTG PACTUAL RENTA ACTIVA
CFIBTGRRI,8950,A,RGFMU,AAAw+cAAhAABP4EAAq,FONDO MUTUO BTG PACTUAL RENTA ACTIVA
CFIMC11A-E,9617,A,FINRE,AAAw+cAAhAABP4XAAO,MONEDA CARS FONDO DE INVERSION
CFIMC11I-E,9617,I,FINRE,AAAw+cAAhAABP4XAAO,MONEDA CARS FONDO DE INVERSION
CFITODPA-E,9619,A,FINRE,AAAw+cAAhAABP4TAAL,TOESCA DEUDA PRIVADA FONDO DE INVERSION
CFITODPF-E,9619,F,FINRE,AAAw+cAAhAABP4TAAL,TOESCA DEUDA PRIVADA FONDO DE INVERSION
CFITODPI-E,9619,I,FINRE,AAAw+cAAhAABP4TAAL,TOESCA DEUDA PRIVADA FONDO DE INVERSION
CFIIMTPES,7216,E,FINRE,AAAw+cAAhAABP4CAA+,FONDO DE INVERSIÓN CREDICORP CAPITAL PRIVATE EQUITY – PG SECONDARIES I
CFISLP2B-E,9892,B,FINRE,AAAw+cAAhAABQKAAAB,FONDO DE INVERSIÓN CREDICORP CAPITAL – SLP II
CFISLP2I-E,9892,I,FINRE,AAAw+cAAhAABQKAAAB,FONDO DE INVERSIÓN CREDICORP CAPITAL – SLP II
CFICGGI3-E,9308,A,FINRE,AAAw+cAAhAABP4LAA0,COMPASS GLOBAL INVESTMENTS III FONDO DE INVERSION
CFIPE15C-E,9307,C,FINRE,AAAw+cAAhAABP4NAA0,COMPASS PRIVATE EQUITY XV FONDO DE INVERSION
CFICCSLP-E,9438,UNICA,FINRE,AAAw+cAAhAABP4NAAL,FONDO DE INVERSION CREDICORP CAPITAL - SLP
CFIVNTFI1,9514,A,FINRE,AAAw+cAAhAABP4RAAY,FONDO DE INVERSIÓN ACTIVA FINANCIAMIENTO INMOBILIARIO I
CFIVNTFIIV,10179,UNICA,FINRE,AAAw+cAAhAABQKAAAn,FONDO DE INVERSIÓN VANTRUST FINANCIAMIENTO INMOBILIARIO II
CFIPASP7-E,9103,UNICA,FINRE,AAAw+cAAhAABP4JAAz,PICTON - AMERICAN SECURITIES PARTNERS VII FONDO DE INVERSION
CFIAVIII-E,9295,UNICA,FINRE,AAAw+cAAhAABP4NAAx,FONDO DE INVERSIÓN ADV VIII
CFIAPEVIII,9164,UNICA,FINRE,AAAw+cAAhAABP4NAAZ,FONDO DE INVERSIÓN ALTAMAR PRIVATE EQUITY VIII
CFICGPE7-E,7281,A,FINRE,AAAw+cAAhAABP4IAA8,COMPASS PRIVATE EQUITY VII FONDO DE INVERSION
CFICPE10-E,9081,A,FINRE,AAAw+cAAhAABP4JAAw,COMPASS PRIVATE EQUITY X FONDO DE INVERSIÓN
CFIBC8A-E,9713,A,FINRE,AAAw+cAAhAABP4VAAW,COMPASS BCP VIII PRIVATE EQUITY FONDO DE INVERSION
CFIBC8C-E,9713,C,FINRE,AAAw+cAAhAABP4VAAW,COMPASS BCP VIII PRIVATE EQUITY FONDO DE INVERSION
CFIBC8I-E,9713,I,FINRE,AAAw+cAAhAABP4VAAW,COMPASS BCP VIII PRIVATE EQUITY FONDO DE INVERSION
CFIBC8IA-E,9713,IA,FINRE,AAAw+cAAhAABP4VAAW,COMPASS BCP VIII PRIVATE EQUITY FONDO DE INVERSION
CFICGPE5-E,7269,A,FINRE,AAAw+cAAhAABP4JAAF,COMPASS PRIVATE EQUITY V FONDO DE INVERSION
CFIAELECTA,10514,A,FINRE,AAAw+cAAhAABQK5AAW,AMERIS ELECTROMOVILIDAD FONDO DE INVERSIÓN
CFIAELECTD,10514,D,FINRE,AAAw+cAAhAABQK5AAW,AMERIS ELECTROMOVILIDAD FONDO DE INVERSIÓN
CFICCD3B-E,9760,B,FINRE,AAAw+cAAhAABP4XAAv,FONDO DE INVERSIÓN CREDICORP CAPITAL PRIVATE DEBT III
CFICCD3I-E,9760,I,FINRE,AAAw+cAAhAABP4XAAv,FONDO DE INVERSIÓN CREDICORP CAPITAL PRIVATE DEBT III
CFISEPRA-E,10406,AM,FINRE,AAAw+cAAhAABQK8AAB,AVANTE DEUDA PRIVADA Y CAPITAL PREFERENTE FONDO DE INVERSION
CFISEPRF-E,10406,AM,FINRE,AAAw+cAAhAABQK8AAB,AVANTE DEUDA PRIVADA Y CAPITAL PREFERENTE FONDO DE INVERSION
CFISEPRG-E,10406,AM,FINRE,AAAw+cAAhAABQK8AAB,AVANTE DEUDA PRIVADA Y CAPITAL PREFERENTE FONDO DE INVERSION
CFIZCHRRIA,9847,A,FINRE,AAAw+cAAhAABP4VAA0,FONDO DE INVERSION ZURICH RENTA RESIDENCIAL I
CFIZCHRRIP,9847,P,FINRE,AAAw+cAAhAABP4VAA0,FONDO DE INVERSION ZURICH RENTA RESIDENCIAL I
CFIZCHRRIZ,9847,Z,FINRE,AAAw+cAAhAABP4VAA0,FONDO DE INVERSION ZURICH RENTA RESIDENCIAL I
CFIPASP8-E,9579,UNICA,FINRE,AAAw+cAAhAABP4WAAD,PICTON-AMERICAN SECURITIES PARTNERS VIII FONDO DE INVERSION
CFICPE11-E,9115,A,FINRE,AAAw+cAAhAABP4PAAX,COMPASS PRIVATE EQUITY XI FONDO DE INVERSIÓN
CFIMFUS-E,9840,UNICA,FINRE,AAAw+cAAhAABP4XAA+,FONDO DE INVERSIÓN HMC MULTIFAMILY US
CFISMH1A-E,9991,A,FINRE,AAAw+cAAhAABQKBAAK,FONDO DE INVERSIÓN SINGULAR RESIDENTIAL MBS I
CFISMH1B-E,9991,B,FINRE,AAAw+cAAhAABQKBAAK,FONDO DE INVERSIÓN SINGULAR RESIDENTIAL MBS I
CFISMH1I-E,9991,I,FINRE,AAAw+cAAhAABQKBAAK,FONDO DE INVERSIÓN SINGULAR RESIDENTIAL MBS I
CFIALHDA-E,9581,A,FINRE,AAAw+cAAhAABP4VAAB,FONDO DE INVERSIÓN ACTIVA LEASING HABITACIONAL Y DEUDA HIPOTECARIA
CFIALHDB-E,9581,B,FINRE,AAAw+cAAhAABP4VAAB,FONDO DE INVERSIÓN ACTIVA LEASING HABITACIONAL Y DEUDA HIPOTECARIA
CFIDEU2A-E,9656,A,FINRE,AAAw+cAAhAABP4WAAV,VOLCOMCAPITAL DEUDA PERU II FONDO DE INVERSION
CFIDEU2B-E,9656,A,FINRE,AAAw+cAAhAABP4WAAV,VOLCOMCAPITAL DEUDA PERU II FONDO DE INVERSION
CFITACOA-E,10595,A,FINRE,AAAw+cAAhAABQK5AAg,COMPASS BXD PRIVATE DEBT FONDO DE INVERSIÓN
CFITACOB-E,10595,A,FINRE,AAAw+cAAhAABQK5AAg,COMPASS BXD PRIVATE DEBT FONDO DE INVERSIÓN
CFITACOC-E,10595,A,FINRE,AAAw+cAAhAABQK5AAg,COMPASS BXD PRIVATE DEBT FONDO DE INVERSIÓN
CFITACOR-E,10595,A,FINRE,AAAw+cAAhAABQK5AAg,COMPASS BXD PRIVATE DEBT FONDO DE INVERSIÓN
CFICI81I-E,9657,I,FINRE,AAAw+cAAhAABP4VAAJ,FONDO DE INVERSION HMC CIP VIII
CFIPCOF3-E,7294,UNICA,FINRE,AAAw+cAAhAABP4IAA/,PICTON-APOLLO COF III FONDO DE INVERSION
CFIPICWP-E,7262,N,FINRE,AAAw+cAAhAABP4IAAu,PICTON - WP FONDO DE INVERSIÓN
CFIMHEA-E,9818,A,FINRE,AAAw+cAAhAABP4WAAr,BTG PACTUAL MHE HABITACIONAL FONDO DE INVERSIÓN
CFIMHEBT-E,9818,BTGP,FINRE,AAAw+cAAhAABP4WAAr,BTG PACTUAL MHE HABITACIONAL FONDO DE INVERSIÓN
CFIMHEI-E,9818,I,FINRE,AAAw+cAAhAABP4WAAr,BTG PACTUAL MHE HABITACIONAL FONDO DE INVERSIÓN
CFIBTGVDI,10412,A,FINRE,AAAw+cAAhAABQK+AAC,BTG PACTUAL VENTURE DEBT II FONDO DE INVERSIÓN
CFICOF4A-E,9878,A,FINRE,AAAw+cAAhAABP4VAA8,COMPASS GSO COF IV PRIVATE DEBT FONDO DE INVERSION
CFICOF4B-E,9878,B,FINRE,AAAw+cAAhAABP4VAA8,COMPASS GSO COF IV PRIVATE DEBT FONDO DE INVERSION
CFICOF4C-E,9878,C,FINRE,AAAw+cAAhAABP4VAA8,COMPASS GSO COF IV PRIVATE DEBT FONDO DE INVERSION
CFICOF4I-E,9878,I,FINRE,AAAw+cAAhAABP4VAA8,COMPASS GSO COF IV PRIVATE DEBT FONDO DE INVERSION
CFICOF4R-E,9878,R,FINRE,AAAw+cAAhAABP4VAA8,COMPASS GSO COF IV PRIVATE DEBT FONDO DE INVERSION
CFIIMTPEI,7183,E,FINRE,AAAw+cAAhAABP4IAAa,FONDO DE INVERSIÓN CREDICORP CAPITAL PRIVATE EQUITY – PG DIRECT I
CFIDPKP-AM,10406,AM,FINRE,AAAw+cAAhAABQK8AAB,AVANTE DEUDA PRIVADA Y CAPITAL PREFERENTE FONDO DE INVERSION
CFIDPKP-R,10406,R,FINRE,AAAw+cAAhAABQK8AAB,AVANTE DEUDA PRIVADA Y CAPITAL PREFERENTE FONDO DE INVERSION
CFIDPKP-S,10406,S,FINRE,AAAw+cAAhAABQK8AAB,AVANTE DEUDA PRIVADA Y CAPITAL PREFERENTE FONDO DE INVERSION
CFISANDP-E,9754,UNICA,FINRE,AAAw+cAAhAABP4VAAc,FONDO DE INVERSIÓN SANTANDER DEUDA PRIVADA
CFICCDIB-E,9680,B,FINRE,AAAw+cAAhAABP4UAAW,FONDO DE INVERSIÓN CREDICORP CAPITAL PG PRIVATE DEBT I
CFICCDII-E,9680,I,FINRE,AAAw+cAAhAABP4UAAW,FONDO DE INVERSIÓN CREDICORP CAPITAL PG PRIVATE DEBT I
CFIVCDLC-E,9777,C,FINRE,AAAw+cAAhAABP4WAAi,VOLCOMCAPITAL DIRECT LENDING FONDO DE INVERSIÓN
CFIPEPF3-E,9394,UNICA,FINRE,AAAw+cAAhAABP4NAAC,PICTON-APOLLO EPF III FONDO DE INVERSION
CFIAFESA,9219,A,FINRE,AAAw+cAAhAABP4MAAs,FONDO DE INVERSIÓN ACTIVA FINANCIAMIENTO ESTRUCTURADO
CFIAFIIA-E,9514,A,FINRE,AAAw+cAAhAABP4RAAY,FONDO DE INVERSIÓN ACTIVA FINANCIAMIENTO INMOBILIARIO I
CFIAFIIB-E,9514,B,FINRE,AAAw+cAAhAABP4RAAY,FONDO DE INVERSIÓN ACTIVA FINANCIAMIENTO INMOBILIARIO I
CFILVBCP-E,7174,A,FINRE,AAAw+cAAhAABP4HABB,FONDO DE INVERSION LARRAIN VIAL - BCP
CFICPD3A-E,9479,A,FINRE,AAAw+cAAhAABP4RAAN,COMPASS PRIVATE DEBT III FONDO DE INVERSIÓN
CFICPD3B-E,9479,B,FINRE,AAAw+cAAhAABP4RAAN,COMPASS PRIVATE DEBT III FONDO DE INVERSIÓN
CFIVPE5A-E,9644,A,FINRE,AAAw+cAAhAABP4WAAQ,VOLCOMCAPITAL PRIVATE EQUITY V FONDO DE INVERSIÓN
CFINHCVC-E,7280,UNICA,FINRE,AAAw+cAAhAABP4IAA7,FONDO DE INVERSION HMC CVC
CFILVSQF-E,9851,F,FINRE,AAAw+cAAhAABP4UAA6,FONDO DE INVERSIÓN LARRAÍN VIAL COURT SQUARE IV
CFILVSQI-E,9851,I,FINRE,AAAw+cAAhAABP4UAA6,FONDO DE INVERSIÓN LARRAÍN VIAL COURT SQUARE IV
CFILVSQR-E,9851,R,FINRE,AAAw+cAAhAABP4UAA6,FONDO DE INVERSIÓN LARRAÍN VIAL COURT SQUARE IV
CFILVSQS-E,9851,S,FINRE,AAAw+cAAhAABP4UAA6,FONDO DE INVERSIÓN LARRAÍN VIAL COURT SQUARE IV
CFILVDRA-A,9346,A,FIRES,AAAw+cAAhAABP4MAA5,FONDO DE INVERSIÓN LARRAINVIAL DEUDA RETORNO ABSOLUTO
CFILVDRA-I,9346,I,FIRES,AAAw+cAAhAABP4MAA5,FONDO DE INVERSIÓN LARRAINVIAL DEUDA RETORNO ABSOLUTO
CFILVDRA-O,9346,O,FIRES,AAAw+cAAhAABP4MAA5,FONDO DE INVERSIÓN LARRAINVIAL DEUDA RETORNO ABSOLUTO
CFILVDRA-T,9346,T,FIRES,AAAw+cAAhAABP4MAA5,FONDO DE INVERSIÓN LARRAINVIAL DEUDA RETORNO ABSOLUTO
CFIPACE4-E,9624,UNICA,FINRE,AAAw+cAAhAABP4VAAE,PICTON - ACE IV FONDO DE INVERSIÓN
CFIASIXD-E,9417,D,FINRE,AAAw+cAAhAABP4OAAI,FONDO DE INVERSION ALTAMAR SECONDARIES IX
CFIPACE5-E,9940,UNICA,FINRE,AAAw+cAAhAABQKFAAE,PICTON - ACE V FONDO DE INVERSIÓN
CFIPEIA,10308,A,FINRE,AAAw+cAAhAABQKGAAv,FONDO DE INVERSIÓN SINGULAR PRIVATE EQUITY I
CFIPEIB,10308,A,FINRE,AAAw+cAAhAABQKGAAv,FONDO DE INVERSIÓN SINGULAR PRIVATE EQUITY I
CFIADGHC,9827,C,FINRE,AAAw+cAAhAABP4XAA6,AMERIS FINANCIAMIENTO PARA ACCESO A LA VIVIENDA FONDO DE INVERSIÓN
CFIADGHI,9827,I,FINRE,AAAw+cAAhAABP4XAA6,AMERIS FINANCIAMIENTO PARA ACCESO A LA VIVIENDA FONDO DE INVERSIÓN
CFIBIDELHY,8967,ADC,RGFMU,AAAw+cAAhAABP4FAAh,FONDO MUTUO BCI DEUDA LATAM HY
CFIPXIIA-E,9939,A,FINRE,AAAw+cAAhAABQKDAAI,FONDO DE INVERSIÓN BCI PE XIII
CFIPXIIB-E,9939,B,FINRE,AAAw+cAAhAABQKDAAI,FONDO DE INVERSIÓN BCI PE XIII
CFIPXIIC-E,9939,C,FINRE,AAAw+cAAhAABQKDAAI,FONDO DE INVERSIÓN BCI PE XIII
CFIVPE2A-E,9388,A,FINRE,AAAw+cAAhAABP4PAA9,VOLCOMCAPITAL PRIVATE EQUITY II FONDO DE INVERSIÓN
CFIVPE2B-E,9388,B,FINRE,AAAw+cAAhAABP4PAA9,VOLCOMCAPITAL PRIVATE EQUITY II FONDO DE INVERSIÓN
CFIVPE2C-E,9388,C,FINRE,AAAw+cAAhAABP4PAA9,VOLCOMCAPITAL PRIVATE EQUITY II FONDO DE INVERSIÓN
CFIPKR12-E,9287,UNICA,FINRE,AAAw+cAAhAABP4KAAz,PICTON - KKR AMERICAS XII FONDO DE INVERSION
CFIVCO6A-E,10119,A,FINRE,AAAw+cAAhAABQKHAAX,VOLCOMCAPITAL COINVESTMENT VI FONDO DE INVERSIÓN
CFIVCO6B-E,10119,B,FINRE,AAAw+cAAhAABQKHAAX,VOLCOMCAPITAL COINVESTMENT VI FONDO DE INVERSIÓN
CFIVCO6Z-E,10119,Z,FINRE,AAAw+cAAhAABQKHAAX,VOLCOMCAPITAL COINVESTMENT VI FONDO DE INVERSIÓN
CFIBTGPLAA,10145,A,FIRES,AAAw+cAAhAABQKBAAe,BTG PACTUAL LIQUIDEZ ALTERNATIVA FONDO DE INVERSIÓN
CFIBTGPLAI,10145,I,FIRES,AAAw+cAAhAABQKBAAe,BTG PACTUAL LIQUIDEZ ALTERNATIVA FONDO DE INVERSIÓN
CFILVBAI-E,9671,I,FINRE,AAAw+cAAhAABP4WAAW,FONDO DE INVERSIÓN BARING ASIA PRIVATE EQUITY FUND VII
CFILVBAS-E,9671,S,FINRE,AAAw+cAAhAABP4WAAW,FONDO DE INVERSIÓN BARING ASIA PRIVATE EQUITY FUND VII
CFIAHVI-E,9694,I,FINRE,AAAw+cAAhAABP4WAAY,FONDO DE INVERSIÓN LARRAÍN VIAL APOLLO HYBRID VALUE
CFIAHVP-E,9694,P,FINRE,AAAw+cAAhAABP4WAAY,FONDO DE INVERSIÓN LARRAÍN VIAL APOLLO HYBRID VALUE
CFIAHVR-E,9694,R,FINRE,AAAw+cAAhAABP4WAAY,FONDO DE INVERSIÓN LARRAÍN VIAL APOLLO HYBRID VALUE
CFILVAOI-E,9448,I,FINRE,AAAw+cAAhAABP4PAAP,FONDO DE INVERSION LARRAIN VIAL APOLLO IX
CFILVAOP-E,9448,P,FINRE,AAAw+cAAhAABP4PAAP,FONDO DE INVERSION LARRAIN VIAL APOLLO IX
CFILVAOS-E,9448,S,FINRE,AAAw+cAAhAABP4PAAP,FONDO DE INVERSION LARRAIN VIAL APOLLO IX
CFIPK12F-E,9309,UNICA,FINRE,AAAw+cAAhAABP4KAA3,PICTON-KKR AMERICAS XII FULLY FUNDED FONDO DE INVERSION
CFISUDPCAA,9977,A,FIRES,AAAw+cAAhAABQKAAAR,FONDO DE INVERSION SURA DEUDA PRIVADA CHILE
CFISUDPCHA,9977,AGF,FIRES,AAAw+cAAhAABQKAAAR,FONDO DE INVERSION SURA DEUDA PRIVADA CHILE
CFISUDPCHS,9977,SURA,FIRES,AAAw+cAAhAABQKAAAR,FONDO DE INVERSION SURA DEUDA PRIVADA CHILE
CFISUREGA,8604,ALTOPATRIM,RGFMU,AAAw+cAAhAABPt6AAI,FONDO MUTUO SCOTIA REAL ESTATE GLOBAL
CFISUREREU,8676,A,RGFMU,AAAw+cAAhAABPt7AAr,FONDO MUTUO SURA RENTA BONOS CHILE
CFIAMLGT-E,9378,UNICA,FINRE,AAAw+cAAhAABP4MAAF,AMERIS LGT SECONDARIES IV FONDO DE INVERSIÓN
CFIAMG2A-E,9461,A,FINRE,AAAw+cAAhAABP4KAAO,AMERIS NM GUARDIAN II FONDO DE INVERSIÓN
CFIAMG2I-E,9461,I,FINRE,AAAw+cAAhAABP4KAAO,AMERIS NM GUARDIAN II FONDO DE INVERSIÓN
CFICSP8A-E,9681,A,FINRE,AAAw+cAAhAABP4UAAX,COMPASS SP VIII PRIVATE EQUITY FONDO DE INVERSION
CFICSP8B-E,9681,B,FINRE,AAAw+cAAhAABP4UAAX,COMPASS SP VIII PRIVATE EQUITY FONDO DE INVERSION
CFICSP8C-E,9681,C,FINRE,AAAw+cAAhAABP4UAAX,COMPASS SP VIII PRIVATE EQUITY FONDO DE INVERSION
CFICSP8I-E,9681,I,FINRE,AAAw+cAAhAABP4UAAX,COMPASS SP VIII PRIVATE EQUITY FONDO DE INVERSION
CFICSP8R-E,9681,R,FINRE,AAAw+cAAhAABP4UAAX,COMPASS SP VIII PRIVATE EQUITY FONDO DE INVERSION
CFINHCIP-E,7244,I,FINRE,AAAw+cAAhAABP4DAAB,FONDO DE INVERSION HMC CIP VI
CFIPKRA4-E,9880,UNICA,FINRE,AAAw+cAAhAABP4VAA+,PICTON - KKR ASIA IV FONDO DE INVERSIÓN
CFISECPA-E,9724,A,FINRE,AAAw+cAAhAABP4XAAk,FONDO DE INVERSIÓN SECURITY PANTHEON PGCO IV
CFISECPC-E,9724,C,FINRE,AAAw+cAAhAABP4XAAk,FONDO DE INVERSIÓN SECURITY PANTHEON PGCO IV
CFISECPD-E,9724,D,FINRE,AAAw+cAAhAABP4XAAk,FONDO DE INVERSIÓN SECURITY PANTHEON PGCO IV
CFIPKRA3-E,9424,UNICA,FINRE,AAAw+cAAhAABP4RAAF,PICTON-KKR ASIA III FONDO DE INVERSION
CFIPES4A-E,10248,A,FINRE,AAAw+cAAhAABQKBAAu,VOLCOMCAPITAL PE SECONDARY IV FONDO DE INVERSIÓN
CFIPES4B-E,10248,B,FINRE,AAAw+cAAhAABQKBAAu,VOLCOMCAPITAL PE SECONDARY IV FONDO DE INVERSIÓN
CFIPES4C-E,10248,C,FINRE,AAAw+cAAhAABQKBAAu,VOLCOMCAPITAL PE SECONDARY IV FONDO DE INVERSIÓN
CFIPE16A-E,9357,A,FINRE,AAAw+cAAhAABP4KAA+,COMPASS PRIVATE EQUITY XVI FONDO DE INVERSION
CFIPE16B-E,9357,B,FINRE,AAAw+cAAhAABP4KAA+,COMPASS PRIVATE EQUITY XVI FONDO DE INVERSION
CFIPE16C-E,9357,C,FINRE,AAAw+cAAhAABP4KAA+,COMPASS PRIVATE EQUITY XVI FONDO DE INVERSION
CFIPAP8E-E,7279,E,FINRE,AAAw+cAAhAABP4JAAM,PICTON - APOLLO VIII FONDO DE INVERSION
CFIPICAP-E,7279,N,FINRE,AAAw+cAAhAABP4JAAM,PICTON - APOLLO VIII FONDO DE INVERSION
CFIPTP8A-E,9637,A,FINRE,AAAw+cAAhAABP4WAAN,PICTON – TPG VIII FONDO DE INVERSIÓN
CFIPTP8I-E,9637,I,FINRE,AAAw+cAAhAABP4WAAN,PICTON – TPG VIII FONDO DE INVERSIÓN
CFIBTGRE,9815,UNICA,FIRES,AAAw+cAAhAABP4TAAy,BTG PACTUAL RETORNO ESTRATÉGICO FONDO DE INVERSIÓN
CFIMBDPA-E,10252,A,FINRE,AAAw+cAAhAABQKHAAv,MBI DEUDA PRIVADA II FONDO DE INVERSIÓN
CFIMBDPC-E,10252,A,FINRE,AAAw+cAAhAABQKHAAv,MBI DEUDA PRIVADA II FONDO DE INVERSIÓN
CFITDPSI-E,9619,SI,FINRE,AAAw+cAAhAABP4TAAL,TOESCA DEUDA PRIVADA FONDO DE INVERSION
CFIHMCDPGP,9914,A,FIRES,AAAw+cAAhAABQKDAAF,FONDO DE INVERSIÓN HMC DEUDA PRIVADA GLOBAL
CFIHMCDPPA,9804,A,FINRE,AAAw+cAAhAABP4VAAq,FONDO DE INVERSIÓN HMC DEUDA PRIVADA ANDINA
CFIAMDVADA,9958,A,FIRES,AAAw+cAAhAABQKHAAG,COMPASS DVA DEUDA PRIVADA USA FONDO DE INVERSIÓN
CFIAMDVADX,9958,A,FIRES,AAAw+cAAhAABQKHAAG,COMPASS DVA DEUDA PRIVADA USA FONDO DE INVERSIÓN
CFIMERF-E,10121,F,FINRE,AAAw+cAAhAABQKHAAY,FONDO DE INVERSIÓN ACTIVA MERCADO PAGO
CFIPES3A-E,9643,A,FINRE,AAAw+cAAhAABP4WAAP,VOLCOMCAPITAL PE SECONDARY III FONDO DE INVERSIÓN
CFIPES3B-E,9643,B,FINRE,AAAw+cAAhAABP4WAAP,VOLCOMCAPITAL PE SECONDARY III FONDO DE INVERSIÓN
CFIPES3C-E,9643,C,FINRE,AAAw+cAAhAABP4WAAP,VOLCOMCAPITAL PE SECONDARY III FONDO DE INVERSIÓN
CFIPES3D-E,9643,D,FINRE,AAAw+cAAhAABP4WAAP,VOLCOMCAPITAL PE SECONDARY III FONDO DE INVERSIÓN
CFIPES3E-E,9643,E,FINRE,AAAw+cAAhAABP4WAAP,VOLCOMCAPITAL PE SECONDARY III FONDO DE INVERSIÓN
CFIPES3X-E,9643,X,FINRE,AAAw+cAAhAABP4WAAP,VOLCOMCAPITAL PE SECONDARY III FONDO DE INVERSIÓN
CFIPES3Z-E,9643,Z,FINRE,AAAw+cAAhAABP4WAAP,VOLCOMCAPITAL PE SECONDARY III FONDO DE INVERSIÓN
CFIAMDDA-E,9495,A,FINRE,AAAw+cAAhAABP4NAAU,AMERIS DEUDA DIRECTA FONDO DE INVERSION
CFIAMDDC-E,9495,C,FINRE,AAAw+cAAhAABP4NAAU,AMERIS DEUDA DIRECTA FONDO DE INVERSION
CFIAMDDI-E,9495,I,FINRE,AAAw+cAAhAABP4NAAU,AMERIS DEUDA DIRECTA FONDO DE INVERSION
CFIAMDDR-E,9495,R,FINRE,AAAw+cAAhAABP4NAAU,AMERIS DEUDA DIRECTA FONDO DE INVERSION
CFIAMDDX-E,9495,X,FINRE,AAAw+cAAhAABP4NAAU,AMERIS DEUDA DIRECTA FONDO DE INVERSION
CFISEDHA-E,10047,A,FINRE,AAAw+cAAhAABQKDAAO,FONDO DE INVERSION SECURITY DEUDA HABITACIONAL CON SUBSIDIO
CFISEDFO-E,10047,FO,FINRE,AAAw+cAAhAABQKDAAO,FONDO DE INVERSION SECURITY DEUDA HABITACIONAL CON SUBSIDIO
CFISEDFP-E,10047,FP,FINRE,AAAw+cAAhAABQKDAAO,FONDO DE INVERSION SECURITY DEUDA HABITACIONAL CON SUBSIDIO
CFISEDHS-E,10047,S,FINRE,AAAw+cAAhAABQKDAAO,FONDO DE INVERSION SECURITY DEUDA HABITACIONAL CON SUBSIDIO
CFISEDUH-E,10047,UH,FINRE,AAAw+cAAhAABQKDAAO,FONDO DE INVERSION SECURITY DEUDA HABITACIONAL CON SUBSIDIO
CFIBCHDCPA,10557,A,FIRES,AAAw+cAAhAABQK9AAU,FONDO DE INVERSION BANCHILE DEUDA NACIONAL CORTO PLAZO
CFIC2VGLOB,10265,UNICA,FIRES,AAAw+cAAhAABQKAAA2,FONDO DE INVERSIÓN C2V GLOBAL
CFIPEQT8-E,9583,UNICA,FINRE,AAAw+cAAhAABP4WAAF,PICTON-EQT VIII FONDO DE INVERSION
CFIFYNSADA,9559,A,FIRES,AAAw+cAAhAABP4RAA3,FONDO DE INVERSIÓN FYNSA DEUDA CHILE
CFIFYNSADB,9559,B,FIRES,AAAw+cAAhAABP4RAA3,FONDO DE INVERSIÓN FYNSA DEUDA CHILE
CFILVCOR-A,7210,A,FIRES,AAAw+cAAhAABP4IAAe,FONDO DE INVERSIÓN LARRAINVIAL DEUDA CHILE
CFILVCOR-I,7210,I,FIRES,AAAw+cAAhAABP4IAAe,FONDO DE INVERSIÓN LARRAINVIAL DEUDA CHILE
CFILVCOR-M,7210,M,FIRES,AAAw+cAAhAABP4IAAe,FONDO DE INVERSIÓN LARRAINVIAL DEUDA CHILE
CFILVCOR-O,7210,O,FIRES,AAAw+cAAhAABP4IAAe,FONDO DE INVERSIÓN LARRAINVIAL DEUDA CHILE
CFIAMSCPA,9919,A,FIRES,AAAw+cAAhAABQKBAAC,AMERIS AATECH FINANCIAMIENTO CORTO PLAZO FONDO DE INVERSIÓN
CFIAMSLPA,9919,A,FIRES,AAAw+cAAhAABQKBAAC,AMERIS AATECH FINANCIAMIENTO CORTO PLAZO FONDO DE INVERSIÓN
CFIAMSLPI,9919,A,FIRES,AAAw+cAAhAABQKBAAC,AMERIS AATECH FINANCIAMIENTO CORTO PLAZO FONDO DE INVERSIÓN
CFIAMSLPX,9919,A,FIRES,AAAw+cAAhAABQKBAAC,AMERIS AATECH FINANCIAMIENTO CORTO PLAZO FONDO DE INVERSIÓN
CFIHMCRGPC,9769,C,FIRES,AAAw+cAAhAABP4UAAt,FONDO DE INVERSION HMC RENTA GLOBAL PESOS
CFIAMN9A-E,9506,A,FINRE,AAAw+cAAhAABP4RAAW,AMERIS PRIVATE EQUITY NORDIC IX FONDO DE INVERSIÓN
CFIAMN9I-E,9506,I,FINRE,AAAw+cAAhAABP4RAAW,AMERIS PRIVATE EQUITY NORDIC IX FONDO DE INVERSIÓN
CFIAMN9X-E,9506,X,FINRE,AAAw+cAAhAABP4RAAW,AMERIS PRIVATE EQUITY NORDIC IX FONDO DE INVERSIÓN
CFIDLDA-E,7173,A,FIRES,AAAw+cAAhAABP4HABA,BTG PACTUAL DEUDA LATAM DÓLAR FONDO DE INVERSIÓN
CFIBMPEM-E,9661,A,FIRES,AAAw+cAAhAABP4TAAS,FONDO DE INVERSIÓN BANCHILE MARKETPLUS EMERGENTE
CFIBMPEMBC,9661,BCH,FIRES,AAAw+cAAhAABP4TAAS,FONDO DE INVERSIÓN BANCHILE MARKETPLUS EMERGENTE
CFICGGLOEA,9095,A,FIRES,AAAw+cAAhAABP4KAAH,COMPASS GLOBAL EQUITY FONDO DE INVERSION
CFICGGLOEB,9095,B,FIRES,AAAw+cAAhAABP4KAAH,COMPASS GLOBAL EQUITY FONDO DE INVERSION
CFICGGLOEA,9095,CG,FIRES,AAAw+cAAhAABP4KAAH,COMPASS GLOBAL EQUITY FONDO DE INVERSION
CFIPADIA,10546,A,FINRE,AAAw+cAAhAABQK/AAO,FONDO DE INVERSIÓN ACTIVA PAGOS DIGITALES
CFIPADIB-E,10546,B,FINRE,AAAw+cAAhAABQK/AAO,FONDO DE INVERSIÓN ACTIVA PAGOS DIGITALES
CFIPADIF-E,10546,F,FINRE,AAAw+cAAhAABQK/AAO,FONDO DE INVERSIÓN ACTIVA PAGOS DIGITALES
CFIBCHMPUS,9333,A,FIRES,AAAw+cAAhAABP4NAA8,FONDO DE INVERSIÓN BANCHILE MARKETPLUS ESTADOS UNIDOS
CFIBCHMUBH,9333,BCH,FIRES,AAAw+cAAhAABP4NAA8,FONDO DE INVERSIÓN BANCHILE MARKETPLUS ESTADOS UNIDOS
CFIBMPEU-E,9606,A,FIRES,AAAw+cAAhAABP4TAAE,FONDO DE INVERSION BANCHILE MARKETPLUS EUROPA
CFIBMPEBCH,9606,BCH,FIRES,AAAw+cAAhAABP4TAAE,FONDO DE INVERSION BANCHILE MARKETPLUS EUROPA
CFIACOLA-E,10025,A,FINRE,AAAw+cAAhAABQKBAAO,AMERIS FINANCIAMIENTO COLATERALIZADO I FONDO DE INVERSIÓN
CFIACOLX-E,10025,X,FINRE,AAAw+cAAhAABQKBAAO,AMERIS FINANCIAMIENTO COLATERALIZADO I FONDO DE INVERSIÓN
CFICGGCUA,9364,A,FIRES,AAAw+cAAhAABP4PAA6,COMPASS GLOBAL CREDIT USD FONDO DE INVERSION
CFICGGCUB,9364,B,FIRES,AAAw+cAAhAABP4PAA6,COMPASS GLOBAL CREDIT USD FONDO DE INVERSION
CFICGGCUC,9364,C,FIRES,AAAw+cAAhAABP4PAA6,COMPASS GLOBAL CREDIT USD FONDO DE INVERSION
CFICGGCUD,9364,D,FIRES,AAAw+cAAhAABP4PAA6,COMPASS GLOBAL CREDIT USD FONDO DE INVERSION
CFICGGCUE,9364,E,FIRES,AAAw+cAAhAABP4PAA6,COMPASS GLOBAL CREDIT USD FONDO DE INVERSION
CFICGGCUF,9364,F,FIRES,AAAw+cAAhAABP4PAA6,COMPASS GLOBAL CREDIT USD FONDO DE INVERSION
CFIBCHMPGB,9332,A,FIRES,AAAw+cAAhAABP4OAA5,FONDO DE INVERSIÓN BANCHILE MARKETPLUS GLOBAL
CFIBILOG1,10084,UNICA,FINRE,AAAw+cAAhAABQKCAAb,BICE LOGÍSTICA FONDO DE INVERSIÓN
CFICOMDPA,7200,A,FIRES,AAAw+cAAhAABP4CAA7,COMPASS DEUDA PLUS FONDO DE INVERSION
CFICOMDPB,7200,B,FIRES,AAAw+cAAhAABP4CAA7,COMPASS DEUDA PLUS FONDO DE INVERSION
CFICLHUA-E,9764,A,FINRE,AAAw+cAAhAABP4VAAf,VINCI COMPASS LATAM HIGH YIELD USD FONDO DE INVERSIÓN
CFILHUCG-E,9764,A,FINRE,AAAw+cAAhAABP4VAAf,VINCI COMPASS LATAM HIGH YIELD USD FONDO DE INVERSIÓN
CFICLHUE-E,9764,A,FINRE,AAAw+cAAhAABP4VAAf,VINCI COMPASS LATAM HIGH YIELD USD FONDO DE INVERSIÓN
CFICLHUI-E,9764,A,FINRE,AAAw+cAAhAABP4VAAf,VINCI COMPASS LATAM HIGH YIELD USD FONDO DE INVERSIÓN
CFIAMDHY-A,9383,A,FIRES,AAAw+cAAhAABP4PAAC,AMERIS DEUDA CHILE FONDO DE INVERSION
CFIADMEXA,10192,A,FINRE,AAAw+cAAhAABQKCAAq,AMERIS DEUDA LATINOAMERICANA SOSTENIBLE FONDO DE INVERSIÓN
CFIADMEXI,10192,I,FINRE,AAAw+cAAhAABQKCAAq,AMERIS DEUDA LATINOAMERICANA SOSTENIBLE FONDO DE INVERSIÓN
CFIADMEXX,10192,X,FINRE,AAAw+cAAhAABQKCAAq,AMERIS DEUDA LATINOAMERICANA SOSTENIBLE FONDO DE INVERSIÓN
CFIFALCTAC,9194,UNICA,FIRES,AAAw+cAAhAABP4MAAq,FONDO DE INVERSIÓN FALCOM TACTICAL CHILEAN EQUITIES
CFIBTGGBDA,9527,A,FIRES,AAAw+cAAhAABP4RAA4,BTG PACTUAL GLOBAL LEADERS FONDO DE INVERSIÓN
CFIBTGGBDI,9527,A,FIRES,AAAw+cAAhAABP4RAA4,BTG PACTUAL GLOBAL LEADERS FONDO DE INVERSIÓN
CFICGBRA-E,10845,A,FIRES,AAAw+cAAhAABQlSAAC,VINCI COMPASS BRAZIL EQUITY FONDO DE INVERSIÓN
CFICGBRB-E,10845,A,FIRES,AAAw+cAAhAABQlSAAC,VINCI COMPASS BRAZIL EQUITY FONDO DE INVERSIÓN
CFIBTGNB-E,7271,A,FINRE,AAAw+cAAhAABP4IAAx,BTG PACTUAL PRIVATE EQUITY – NB CRXX FONDO DE INVERSION
CFIHCIVI-E,9726,I,FINRE,AAAw+cAAhAABP4UAAi,FONDO DE INVERSIÓN LARRAÍN VIAL HARBOURVEST CO-INVESTMENT V
CFIHCIVP-E,9726,P,FINRE,AAAw+cAAhAABP4UAAi,FONDO DE INVERSIÓN LARRAÍN VIAL HARBOURVEST CO-INVESTMENT V
CFIHCIVR-E,9726,R,FINRE,AAAw+cAAhAABP4UAAi,FONDO DE INVERSIÓN LARRAÍN VIAL HARBOURVEST CO-INVESTMENT V
CFIHCIVS-E,9726,S,FINRE,AAAw+cAAhAABP4UAAi,FONDO DE INVERSIÓN LARRAÍN VIAL HARBOURVEST CO-INVESTMENT V
CFIPE18A-E,9435,A,FINRE,AAAw+cAAhAABP4KAAL,COMPASS PRIVATE EQUITY XVIII FONDO DE INVERSIÓN
CFIPE18B-E,9435,B,FINRE,AAAw+cAAhAABP4KAAL,COMPASS PRIVATE EQUITY XVIII FONDO DE INVERSIÓN
CFIPE18C-E,9435,C,FINRE,AAAw+cAAhAABP4KAAL,COMPASS PRIVATE EQUITY XVIII FONDO DE INVERSIÓN
CFIVIE3B-E,10089,B,FINRE,AAAw+cAAhAABQKFAAa,VOLCOMCAPITAL INFRAESTRUCTURA III FONDO DE INVERSIÓN
CFIVIE3E-E,10089,E,FINRE,AAAw+cAAhAABQKFAAa,VOLCOMCAPITAL INFRAESTRUCTURA III FONDO DE INVERSIÓN
CFISECOA-E,7252,A,FINRE,AAAw+cAAhAABP4IAAZ,FONDO DE INVERSION SECURITY OAKTREE OPPORTUNITIES-DEBT
CFIMBD2A-E,10252,A,FINRE,AAAw+cAAhAABQKHAAv,MBI DEUDA PRIVADA II FONDO DE INVERSIÓN
CFIMBD2I-E,10252,I,FINRE,AAAw+cAAhAABQKHAAv,MBI DEUDA PRIVADA II FONDO DE INVERSIÓN
CFIMRVEA,9676,A,FIRES,AAAw+cAAhAABP4VAAP,MONEDA RENTA VARIABLE EMERGENTE FONDO DE INVERSIÓN
CFIMRVEB,9676,B,FIRES,AAAw+cAAhAABP4VAAP,MONEDA RENTA VARIABLE EMERGENTE FONDO DE INVERSIÓN
CFIMRVEC,9676,C,FIRES,AAAw+cAAhAABP4VAAP,MONEDA RENTA VARIABLE EMERGENTE FONDO DE INVERSIÓN
CFISANDCHA,9348,A,FIRES,AAAw+cAAhAABP4OAAA,FONDO DE INVERSION SANTANDER DEUDA CORPORATIVA CHILE
CFISANRVGA,8822,ALTOPATRIM,RGFMU,AAAw+cAAhAABPt+AA2,FONDO MUTUO SCOTIA RENTA VARIABLE GLOBAL
CFICGPEP-E,7202,A,FINRE,AAAw+cAAhAABP4CAAj,FONDO DE INVERSION COMPASS PRIVATE EQUITY PARTNERS
CFIVSS3B-E,9645,B,FINRE,AAAw+cAAhAABP4WAAR,VOLCOMCAPITAL SPECIAL SITUATIONS III FONDO DE INVERSIÓN
CFIVSS3C-E,9645,C,FINRE,AAAw+cAAhAABP4WAAR,VOLCOMCAPITAL SPECIAL SITUATIONS III FONDO DE INVERSIÓN
CFIBGCOA-E,9627,A,FINRE,AAAw+cAAhAABP4VAAF,BICE GLOBAL CREDIT OPPORTUNITIES FONDO DE INVERSION
CFIBGCOI-E,9627,I,FINRE,AAAw+cAAhAABP4VAAF,BICE GLOBAL CREDIT OPPORTUNITIES FONDO DE INVERSION
CFIBSC1A-E,9722,A,FINRE,AAAw+cAAhAABP4UAAg,BICE STEPSTONE SCLE I FONDO DE INVERSION
CFIBSC1I-E,9722,I,FINRE,AAAw+cAAhAABP4UAAg,BICE STEPSTONE SCLE I FONDO DE INVERSION
CFIBSC1X-E,9722,X,FINRE,AAAw+cAAhAABP4UAAg,BICE STEPSTONE SCLE I FONDO DE INVERSION
CFI-MAL2AE,9614,A,FIRES,AAAw+cAAhAABP4WAAL,MONEDA ALTURAS II FONDO DE INVERSIÓN
CFI-MAL2BE,9614,B,FIRES,AAAw+cAAhAABP4WAAL,MONEDA ALTURAS II FONDO DE INVERSIÓN
CFI-MAL2CE,9614,C,FIRES,AAAw+cAAhAABP4WAAL,MONEDA ALTURAS II FONDO DE INVERSIÓN
CFIVPE4A-E,9441,A,FINRE,AAAw+cAAhAABP4RAAJ,VOLCOMCAPITAL PRIVATE EQUITY IV FONDO DE INVERSION
CFIVPE4B-E,9441,B,FINRE,AAAw+cAAhAABP4RAAJ,VOLCOMCAPITAL PRIVATE EQUITY IV FONDO DE INVERSION
CFIVPE4C-E,9441,C,FINRE,AAAw+cAAhAABP4RAAJ,VOLCOMCAPITAL PRIVATE EQUITY IV FONDO DE INVERSION
CFIVPE4D-E,9441,D,FINRE,AAAw+cAAhAABP4RAAJ,VOLCOMCAPITAL PRIVATE EQUITY IV FONDO DE INVERSION
CFIVPE4E-E,9441,E,FINRE,AAAw+cAAhAABP4RAAJ,VOLCOMCAPITAL PRIVATE EQUITY IV FONDO DE INVERSION
CFIBGC2A-E,10156,A,FINRE,AAAw+cAAhAABQKHAAe,BICE GLOBAL CREDIT OPPORTUNITIES II FONDO DE INVERSIÓN
CFIBGC2I-E,10156,I,FINRE,AAAw+cAAhAABQKHAAe,BICE GLOBAL CREDIT OPPORTUNITIES II FONDO DE INVERSIÓN
CFICPE2,7179,A,FINRE,AAAw+cAAhAABP4IAAE,BTG PACTUAL PRIVATE EQUITY - KKR FONDO DE INVERSION
CFIFTDMA-E,9711,A,FINRE,AAAw+cAAhAABP4TAAb,FRONTAL TRUST DEUDA PRIVADA MIXTA FONDO DE INVERSIÓN
CFIFTDMI-E,9711,I,FINRE,AAAw+cAAhAABP4TAAb,FRONTAL TRUST DEUDA PRIVADA MIXTA FONDO DE INVERSIÓN
CFITODPS-E,9619,S,FINRE,AAAw+cAAhAABP4TAAL,TOESCA DEUDA PRIVADA FONDO DE INVERSION
CFICGSCH-A,7031,A,FINRE,AAAw+cAAhAABP4BAA3,COMPASS SMALL CAP CHILE FONDO DE INVERSION
CFICGSCH-B,7031,B,FINRE,AAAw+cAAhAABP4BAA3,COMPASS SMALL CAP CHILE FONDO DE INVERSION
CFICGSCH-I,7031,I,FINRE,AAAw+cAAhAABP4BAA3,COMPASS SMALL CAP CHILE FONDO DE INVERSION
CFIBAGNA-E,9842,A,FINRE,AAAw+cAAhAABP4VAAy,FONDO DE INVERSION AG DIRECT LENDING IV
CFIBAGP1-E,9842,P1,FINRE,AAAw+cAAhAABP4VAAy,FONDO DE INVERSION AG DIRECT LENDING IV
CFIBAGP2-E,9842,P2,FINRE,AAAw+cAAhAABP4VAAy,FONDO DE INVERSION AG DIRECT LENDING IV
CFICCVFV-E,10516,FV,FINRE,AAAw+cAAhAABQK7AAP,FONDO DE INVERSIÓN CORCOVADO DEUDA PRIVADA
CFIBREPI-E,10144,I,FINRE,AAAw+cAAhAABQKDAAZ,FONDO DE INVERSION SINGULAR BROOKFIELD BSREP IV
CFIMRFIIGA,9268,SERIE-A,FIRES,AAAw+cAAhAABP4LAAu,MONEDA RENTA FIJA INTERNACIONAL FONDO DE INVERSIÓN
CFIMRFIIGB,9268,SERIE-A,FIRES,AAAw+cAAhAABP4LAAu,MONEDA RENTA FIJA INTERNACIONAL FONDO DE INVERSIÓN
CFIMRVIA,9269,SERIE-A,FIRES,AAAw+cAAhAABP4OAAw,MONEDA RENTA VARIABLE INTERNACIONAL FONDO DE INVERSION
CFIMRVIB,9269,SERIE-A,FIRES,AAAw+cAAhAABP4OAAw,MONEDA RENTA VARIABLE INTERNACIONAL FONDO DE INVERSION
CFIQAC,9152,A,FIRES,AAAw+cAAhAABP4PAAZ,QUEST ACCIONES CHILE FONDO DE INVERSION
CFIQGVA,10081,A,FIRES,AAAw+cAAhAABQKFAAY,QUEST GLOBAL VALUE FONDO DE INVERSION
CFIQRGH,9336,UNICA,FIRES,AAAw+cAAhAABP4NAA9,QUEST RENTA GLOBAL HEDGE FONDO DE INVERSIÓN
CFIQRL-A,9153,A,FIRES,AAAw+cAAhAABP4OAAa,QUEST RENTA LOCAL FONDO DE INVERSIÓN
CFIQRL-B,9153,B,FIRES,AAAw+cAAhAABP4OAAa,QUEST RENTA LOCAL FONDO DE INVERSIÓN
CFIQRL-L,9153,L,FIRES,AAAw+cAAhAABP4OAAa,QUEST RENTA LOCAL FONDO DE INVERSIÓN
CFIPWPGA-E,9654,A,FINRE,AAAw+cAAhAABP4WAAU,PICTON - WPGG FONDO DE INVERSION
CFIPWPGI-E,9654,I,FINRE,AAAw+cAAhAABP4WAAU,PICTON - WPGG FONDO DE INVERSION
CFISCCH,7018,U,FIRES,AAAw+cAAhAABP4BAAs,BTG PACTUAL SMALL CAP CHILE FONDO DE INVERSION
CFISCCHI,7018,U,FIRES,AAAw+cAAhAABP4BAAs,BTG PACTUAL SMALL CAP CHILE FONDO DE INVERSION
CFIADH3I-E,9799,I,FINRE,AAAw+cAAhAABP4XAA2,FONDO DE INVERSION ACTIVA DEUDA HIPOTECARIA HABITACIONAL III
CFIADH3R,9799,R,FINRE,AAAw+cAAhAABP4XAA2,FONDO DE INVERSION ACTIVA DEUDA HIPOTECARIA HABITACIONAL III
CFIPICHL-E,9184,UNICA,FINRE,AAAw+cAAhAABP4OAAf,PICTON-HAMILTON LANE SMID FONDO DE INVERSION
CFINHRFLA,9101,A,FIRES,AAAw+cAAhAABP4JAA9,FONDO DE INVERSION NEVASA AHORRO
CFINHRFLB,9101,B,FIRES,AAAw+cAAhAABP4JAA9,FONDO DE INVERSION NEVASA AHORRO
CFINVRFLI,9101,I,FIRES,AAAw+cAAhAABP4JAA9,FONDO DE INVERSION NEVASA AHORRO
CFINVRFLNV,9101,NV,FIRES,AAAw+cAAhAABP4JAA9,FONDO DE INVERSION NEVASA AHORRO
CFINHVIS-A,9402,A,FIRES,AAAw+cAAhAABP4RAAD,FONDO DE INVERSION NEVASA VISION
CFINHVIS-B,9402,B,FIRES,AAAw+cAAhAABP4RAAD,FONDO DE INVERSION NEVASA VISION
CFIARRAA-E,9989,A,FIRES,AAAw+cAAhAABQKBAAJ,ARRAYÁN ACCIONES CHILENAS FONDO DE INVERSIÓN
CFIARRAB-E,9989,B,FIRES,AAAw+cAAhAABQKBAAJ,ARRAYÁN ACCIONES CHILENAS FONDO DE INVERSIÓN
CFIMCITI,7022,P1,FINRE,AAAw+cAAhAABP4BAAc,CHILE FONDO DE INVERSION SMALL CAP
CFIFTRLPP,9917,P,FINRE,AAAw+cAAhAABQKAAAG,FRONTAL TRUST – CORDADA RENDIMIENTO CON LIQUIDEZ FONDO DE INVERSIÓN
CFIFTRLPPI,9917,PI,FINRE,AAAw+cAAhAABQKAAAG,FRONTAL TRUST – CORDADA RENDIMIENTO CON LIQUIDEZ FONDO DE INVERSIÓN
CFIPKRE5-E,9745,UNICA,FINRE,AAAw+cAAhAABP4XAAs,PICTON - KKR EUROPE V FONDO DE INVERSION
CFIALGTA-E,9702,A,FINRE,AAAw+cAAhAABP4TAAY,AMERIS LGT CCO II FONDO DE INVERSIÓN
CFIALGTB-E,9702,B,FINRE,AAAw+cAAhAABP4TAAY,AMERIS LGT CCO II FONDO DE INVERSIÓN
CFIBRENTA,9615,UNICA,FINRE,AAAw+cAAhAABP4TAAK,BICE RENTAS INMOBILIARIAS FONDO DE INVERSIÓN
CFIETFCC,9705,UNICA,FIRES,AAAw+cAAhAABP4UAAd,FONDO DE INVERSIÓN ETF SINGULAR CHILE CORPORATIVO
CFIETFCD,9823,UNICA,FIRES,AAAw+cAAhAABP4VAAt,FONDO DE INVERSION ETF SINGULAR CHILE CORTA DURACION
CFIGC,9948,UNICA,FIRES,AAAw+cAAhAABQKAAAL,FONDO DE INVERSIÓN ETF SINGULAR GLOBAL CORPORATES
CFIETFGE,9706,UNICA,FIRES,AAAw+cAAhAABP4TAAZ,FONDO DE INVERSIÓN ETF SINGULAR GLOBAL EQUITIES
CFINASDAQ,10150,UNICA,FIRES,AAAw+cAAhAABQKHAAc,FONDO DE INVERSIÓN ETF SINGULAR NASDAQ 100
CFISP500,10218,UNICA,FIRES,AAAw+cAAhAABQKGAAl,FONDO DE INVERSIÓN ETF SINGULAR S&P 500
CFIFALCFIA,9289,A,FIRES,AAAw+cAAhAABP4NAAv,FONDO DE INVERSION FALCOM CHILEAN FIXED INCOME
CFIFALCFIG,9289,G,FIRES,AAAw+cAAhAABP4NAAv,FONDO DE INVERSION FALCOM CHILEAN FIXED INCOME
CFIFALCFIM,9289,M,FIRES,AAAw+cAAhAABP4NAAv,FONDO DE INVERSION FALCOM CHILEAN FIXED INCOME
CFIFALCFIW,9289,W,FIRES,AAAw+cAAhAABP4NAAv,FONDO DE INVERSION FALCOM CHILEAN FIXED INCOME
CFIFALCDCA,9902,A,FIRES,AAAw+cAAhAABQKGAAB,FONDO DE INVERSIÓN FALCOM DEUDA CORPORATIVA CHILE
CFIFALCDCF,9902,F,FIRES,AAAw+cAAhAABQKGAAB,FONDO DE INVERSIÓN FALCOM DEUDA CORPORATIVA CHILE
CFIFALCDCG,9902,G,FIRES,AAAw+cAAhAABQKGAAB,FONDO DE INVERSIÓN FALCOM DEUDA CORPORATIVA CHILE
CFIFALCDCM,9902,M,FIRES,AAAw+cAAhAABQKGAAB,FONDO DE INVERSIÓN FALCOM DEUDA CORPORATIVA CHILE
CFIFALCDCW,9902,W,FIRES,AAAw+cAAhAABQKGAAB,FONDO DE INVERSIÓN FALCOM DEUDA CORPORATIVA CHILE
CFIFALCGLA,9297,A,FIRES,AAAw+cAAhAABP4LAAx,FONDO DE INVERSIÓN FALCOM GLOBAL STRATEGY FUND
CFIFALCGLB,9297,B,FIRES,AAAw+cAAhAABP4LAAx,FONDO DE INVERSIÓN FALCOM GLOBAL STRATEGY FUND
CFIFALCGLC,9297,C,FIRES,AAAw+cAAhAABP4LAAx,FONDO DE INVERSIÓN FALCOM GLOBAL STRATEGY FUND
CFIFALCGLI,9297,I,FIRES,AAAw+cAAhAABP4LAAx,FONDO DE INVERSIÓN FALCOM GLOBAL STRATEGY FUND
CFIFALCSCA,9113,AP,FINRE,AAAw+cAAhAABP4JAA1,BCI SMALL CAP CHILE FONDO DE INVERSION
CFIFALCSCF,9113,AP,FINRE,AAAw+cAAhAABP4JAA1,BCI SMALL CAP CHILE FONDO DE INVERSION
CFIFALCSCI,9113,AP,FINRE,AAAw+cAAhAABP4JAA1,BCI SMALL CAP CHILE FONDO DE INVERSION
CFIMBIAR-A,7089,A,FIRES,AAAw+cAAhAABP4HAAa,MBI ARBITRAGE FONDO DE INVERSIÓN
CFIMBIAR-I,7089,I,FIRES,AAAw+cAAhAABP4HAAa,MBI ARBITRAGE FONDO DE INVERSIÓN
CFIMBILA-A,7278,A,FIRES,AAAw+cAAhAABP4JAAL,MBI BEST IDEAS LATAM FONDO DE INVERSION
CFIMBILA-I,7278,I,FIRES,AAAw+cAAhAABP4JAAL,MBI BEST IDEAS LATAM FONDO DE INVERSION
CFIMBICL-A,10381,A,FIRES,AAAw+cAAhAABQKDAA6,MBI CONVICCIÓN CHILE FONDO DE INVERSIÓN
CFIMBICLAA,10381,AA,FIRES,AAAw+cAAhAABQKDAA6,MBI CONVICCIÓN CHILE FONDO DE INVERSIÓN
CFIMBICLAB,10381,AB,FIRES,AAAw+cAAhAABQKDAA6,MBI CONVICCIÓN CHILE FONDO DE INVERSIÓN
CFIMBICLAC,10381,AC,FIRES,AAAw+cAAhAABQKDAA6,MBI CONVICCIÓN CHILE FONDO DE INVERSIÓN
CFIMBICLAD,10381,AD,FIRES,AAAw+cAAhAABQKDAA6,MBI CONVICCIÓN CHILE FONDO DE INVERSIÓN
CFIMBICLAE,10381,AE,FIRES,AAAw+cAAhAABQKDAA6,MBI CONVICCIÓN CHILE FONDO DE INVERSIÓN
CFIMBICL-B,10381,B,FIRES,AAAw+cAAhAABQKDAA6,MBI CONVICCIÓN CHILE FONDO DE INVERSIÓN
CFIMBIDA-A,9203,A,FIRES,AAAw+cAAhAABP4KAAh,MBI DEUDA ALTERNATIVA FONDO DE INVERSIÓN
CFIMBIDA-B,9203,B,FIRES,AAAw+cAAhAABP4KAAh,MBI DEUDA ALTERNATIVA FONDO DE INVERSIÓN
CFIMBIDA-D,9203,D,FIRES,AAAw+cAAhAABP4KAAh,MBI DEUDA ALTERNATIVA FONDO DE INVERSIÓN
CFIMBIDC-A,10162,A,FIRES,AAAw+cAAhAABQKEAAm,MBI DEUDA CORPORATIVA FONDO DE INVERSIÓN
CFIMBDCAPV,10162,A,FIRES,AAAw+cAAhAABQKEAAm,MBI DEUDA CORPORATIVA FONDO DE INVERSIÓN
CFIMBIDC-B,10162,B,FIRES,AAAw+cAAhAABQKEAAm,MBI DEUDA CORPORATIVA FONDO DE INVERSIÓN
CFIMBIRF-A,9077,A,FIRES,AAAw+cAAhAABP4JAAW,MBI DEUDA PLUS FONDO DE INVERSION
CFIMBIRF-C,9077,C,FIRES,AAAw+cAAhAABP4JAAW,MBI DEUDA PLUS FONDO DE INVERSION
CFIMBIRF-D,9077,D,FIRES,AAAw+cAAhAABP4JAAW,MBI DEUDA PLUS FONDO DE INVERSION
CFIMBIDT-A,9202,A,FIRES,AAAw+cAAhAABP4OAAk,MBI DEUDA TOTAL FONDO DE INVERSIÓN
CFIMBDTAPV,9202,A,FIRES,AAAw+cAAhAABP4OAAk,MBI DEUDA TOTAL FONDO DE INVERSIÓN
CFIMBIDT-B,9202,B,FIRES,AAAw+cAAhAABP4OAAk,MBI DEUDA TOTAL FONDO DE INVERSIÓN
CFIMBIDT-I,9202,I,FIRES,AAAw+cAAhAABP4OAAk,MBI DEUDA TOTAL FONDO DE INVERSIÓN
CFIMBIGF-A,9950,A,FIRES,AAAw+cAAhAABQKAAAM,MBI GLOBAL FIXED INCOME FONDO DE INVERSION
CFIMBIGF-I,9950,I,FIRES,AAAw+cAAhAABQKAAAM,MBI GLOBAL FIXED INCOME FONDO DE INVERSION
CFIMBIGL-A,7171,A,FIRES,AAAw+cAAhAABP4HAA+,MBI GLOBAL FONDO DE INVERSION
CFIMBIUSAP,9091,U,FIRES,AAAw+cAAhAABP4KAAG,MBI RENTA FIJA PLUS DÓLAR FONDO DE INVERSIÓN
CFIMBIRFUS,9091,U,FIRES,AAAw+cAAhAABP4KAAG,MBI RENTA FIJA PLUS DÓLAR FONDO DE INVERSIÓN
CFISET-E,9604,UNICA,FIRES,AAAw+cAAhAABP4UAAG,SENSOR EQUITY TRADING FONDO DE INVERSION
CFIAMDVASC,9725,C,FIRES,AAAw+cAAhAABP4WAAf,COMPASS DVA SILICON FUND FONDO DE INVERSIÓN
CFI-HMCRGE,9874,UNICA,FINRE,AAAw+cAAhAABP4VAA5,FONDO DE INVERSIÓN HMC RV GLOBAL
CFIBCPAE-E,7174,AE,FINRE,AAAw+cAAhAABP4HABB,FONDO DE INVERSION LARRAIN VIAL - BCP
CFIXDPFB-E,10477,A,FINRE,AAAw+cAAhAABQK+AAN,XLC DEUDA PRIVADA I FONDO DE INVERSIÓN
CFIXDPFI-E,10477,A,FINRE,AAAw+cAAhAABQK+AAN,XLC DEUDA PRIVADA I FONDO DE INVERSIÓN
CFIXDPFR-E,10477,A,FINRE,AAAw+cAAhAABQK+AAN,XLC DEUDA PRIVADA I FONDO DE INVERSIÓN
CFIADVAEFA,10348,A,FIRES,AAAw+cAAhAABQKBAA7,COMPASS DVA E-FUND FONDO DE INVERSIÓN
CFILVDPU-E,9469,UNICA,FINRE,AAAw+cAAhAABP4PAAQ,FONDO DE INVERSIÓN LARRAINVIAL DEUDA PRIVADA
CFILV2PA-E,10046,A,FINRE,AAAw+cAAhAABQKEAAT,FONDO DE INVERSIÓN LARRAINVIAL DEUDA PRIVADA II
CFILV2PL-E,10046,LV,FINRE,AAAw+cAAhAABQKEAAT,FONDO DE INVERSIÓN LARRAINVIAL DEUDA PRIVADA II
CFILV2PO-E,10046,O,FINRE,AAAw+cAAhAABQKEAAT,FONDO DE INVERSIÓN LARRAINVIAL DEUDA PRIVADA II
CFILV2PT-E,10046,T,FINRE,AAAw+cAAhAABQKEAAT,FONDO DE INVERSIÓN LARRAINVIAL DEUDA PRIVADA II
CFILBPE2-E,7193,UNICA,FINRE,AAAw+cAAhAABP4DAAL,LINZOR BICE PRIVATE EQUITY II FONDO DE INVERSION
CFIMRVCHA,7136,A,FINRE,AAAw+cAAhAABP4HAAj,MONEDA RENTA VARIABLE CHILE FONDO DE INVERSION
CFIMRVCHAE,7136,AE,FINRE,AAAw+cAAhAABP4HAAj,MONEDA RENTA VARIABLE CHILE FONDO DE INVERSION
CFIMRVCHE,7136,E,FINRE,AAAw+cAAhAABP4HAAj,MONEDA RENTA VARIABLE CHILE FONDO DE INVERSION
CFIMRVCHI,7136,I,FINRE,AAAw+cAAhAABP4HAAj,MONEDA RENTA VARIABLE CHILE FONDO DE INVERSION
CFIMRVCHR,7136,R,FINRE,AAAw+cAAhAABP4HAAj,MONEDA RENTA VARIABLE CHILE FONDO DE INVERSION
CFIPIONERO,7010,A,FINRE,AAAw+cAAhAABP4BAAk,PIONERO FONDO DE INVERSION
CFIPIONAE,7010,AE,FINRE,AAAw+cAAhAABP4BAAk,PIONERO FONDO DE INVERSION
CFIMSIGLO,7015,UNICA,FINRE,AAAw+cAAhAABP4BAAn,SIGLO XXI FONDO DE INVERSION
CFICCAEB-E,9623,B,RGFMU,AAAw+cAAhAABP4WAAM,FONDO MUTUO CREDICORP CAPITAL LATIN AMERICAN EQUITY
CFICCAED-E,9623,D,RGFMU,AAAw+cAAhAABP4WAAM,FONDO MUTUO CREDICORP CAPITAL LATIN AMERICAN EQUITY
CFICCLAI-E,9623,I,RGFMU,AAAw+cAAhAABP4WAAM,FONDO MUTUO CREDICORP CAPITAL LATIN AMERICAN EQUITY
CFIIMSCLB,7275,B,FIRES,AAAw+cAAhAABP4JAAK,FONDO DE INVERSION CREDICORP CAPITAL SPREAD CORPORATIVO LOCAL
CFIIMSCLD,7275,D,FIRES,AAAw+cAAhAABP4JAAK,FONDO DE INVERSION CREDICORP CAPITAL SPREAD CORPORATIVO LOCAL
CFIIMSCLE,7275,E,FIRES,AAAw+cAAhAABP4JAAK,FONDO DE INVERSION CREDICORP CAPITAL SPREAD CORPORATIVO LOCAL
CFIIMSCLI,7275,I,FIRES,AAAw+cAAhAABP4JAAK,FONDO DE INVERSION CREDICORP CAPITAL SPREAD CORPORATIVO LOCAL
CFIMCUMC,9925,C,FIRES,AAAw+cAAhAABQKFAAB,MONEDA CUMPLO PRONTO PAGO PYMES FONDO DE INVERSIÓN
CFIMCUME,9925,E,FIRES,AAAw+cAAhAABQKFAAB,MONEDA CUMPLO PRONTO PAGO PYMES FONDO DE INVERSIÓN
CFIMCUMI,9925,I,FIRES,AAAw+cAAhAABQKFAAB,MONEDA CUMPLO PRONTO PAGO PYMES FONDO DE INVERSIÓN
CFIMCUMR,9925,R,FIRES,AAAw+cAAhAABQKFAAB,MONEDA CUMPLO PRONTO PAGO PYMES FONDO DE INVERSIÓN
CFIMDCHA,9212,A,FIRES,AAAw+cAAhAABP4PAAi,MONEDA DEUDA CHILE FONDO DE INVERSIÓN
CFIMDCHAE,9212,AE,FIRES,AAAw+cAAhAABP4PAAi,MONEDA DEUDA CHILE FONDO DE INVERSIÓN
CFIMDCHD,9212,D,FIRES,AAAw+cAAhAABP4PAAi,MONEDA DEUDA CHILE FONDO DE INVERSIÓN
CFIMDCHE,9212,E,FIRES,AAAw+cAAhAABP4PAAi,MONEDA DEUDA CHILE FONDO DE INVERSIÓN
CFIMDCHI,9212,I,FIRES,AAAw+cAAhAABP4PAAi,MONEDA DEUDA CHILE FONDO DE INVERSIÓN
CFIIMDLAT,7055,A,FINRE,AAAw+cAAhAABP4CAAQ,MONEDA DEUDA LATINOAMERICANA FONDO DE INVERSION
CFIMDLATAE,7055,AE,FINRE,AAAw+cAAhAABP4CAAQ,MONEDA DEUDA LATINOAMERICANA FONDO DE INVERSION
CFIMLDL,7147,A,FINRE,AAAw+cAAhAABP4HAAv,MONEDA LATINOAMERICA DEUDA LOCAL FONDO DE INVERSION
CFIMLDLAE,7147,AE,FINRE,AAAw+cAAhAABP4HAAv,MONEDA LATINOAMERICA DEUDA LOCAL FONDO DE INVERSION
CFIMLDL-C,7147,C,FINRE,AAAw+cAAhAABP4HAAv,MONEDA LATINOAMERICA DEUDA LOCAL FONDO DE INVERSION
CFIBTGDPIA,10487,A,FINRE,AAAw+cAAhAABQK9AAL,BTG PACTUAL DEUDA PRIVADA INMOBILIARIA FONDO DE INVERSIÓN
CFIBTGDPIB,10487,B,FINRE,AAAw+cAAhAABQK9AAL,BTG PACTUAL DEUDA PRIVADA INMOBILIARIA FONDO DE INVERSIÓN
CFIBTGDPIP,10487,BTGP,FINRE,AAAw+cAAhAABQK9AAL,BTG PACTUAL DEUDA PRIVADA INMOBILIARIA FONDO DE INVERSIÓN
CFIBTGDPIC,10487,C,FINRE,AAAw+cAAhAABQK9AAL,BTG PACTUAL DEUDA PRIVADA INMOBILIARIA FONDO DE INVERSIÓN
CFIBTGDPII,10487,I,FINRE,AAAw+cAAhAABQK9AAL,BTG PACTUAL DEUDA PRIVADA INMOBILIARIA FONDO DE INVERSIÓN
CFIDSSA-E,9758,A,FINRE,AAAw+cAAhAABP4VAAe,FONDO DE INVERSIÓN BCI DSS19
CFIDSADC-E,9758,ADC,FINRE,AAAw+cAAhAABP4VAAe,FONDO DE INVERSIÓN BCI DSS19
CFIDSSB-E,9758,B,FINRE,AAAw+cAAhAABP4VAAe,FONDO DE INVERSIÓN BCI DSS19
CFIDSSC-E,9758,C,FINRE,AAAw+cAAhAABP4VAAe,FONDO DE INVERSIÓN BCI DSS19
CFIVPE8A-E,9877,A,FINRE,AAAw+cAAhAABP4TABA,VOLCOMCAPITAL PRIVATE EQUITY VIII FONDO DE INVERSIÓN
CFIVPE8B-E,9877,B,FINRE,AAAw+cAAhAABP4TABA,VOLCOMCAPITAL PRIVATE EQUITY VIII FONDO DE INVERSIÓN
CFIVPE8C-E,9877,C,FINRE,AAAw+cAAhAABP4TABA,VOLCOMCAPITAL PRIVATE EQUITY VIII FONDO DE INVERSIÓN
CFIVPE8Z-E,9877,Z,FINRE,AAAw+cAAhAABP4TABA,VOLCOMCAPITAL PRIVATE EQUITY VIII FONDO DE INVERSIÓN
CFIADPA-E,10683,A,FINRE,AAAw+cAAhAABQK9AAk,MBI DEUDA PRIVADA IV FONDO DE INVERSIÓN
CFIADPF-E,10683,A,FINRE,AAAw+cAAhAABQK9AAk,MBI DEUDA PRIVADA IV FONDO DE INVERSIÓN
CFIADPI-E,10683,A,FINRE,AAAw+cAAhAABQK9AAk,MBI DEUDA PRIVADA IV FONDO DE INVERSIÓN
CFIHMCREPA,10612,A,FIRES,AAAw+cAAhAABQK6AAZ,FONDO DE INVERSIÓN HMC RENDIMIENTO ESTRATÉGICO PESOS
CFIHMCREPC,10612,C,FIRES,AAAw+cAAhAABQK6AAZ,FONDO DE INVERSIÓN HMC RENDIMIENTO ESTRATÉGICO PESOS
CFIHMCREPX,10612,X,FIRES,AAAw+cAAhAABQK6AAZ,FONDO DE INVERSIÓN HMC RENDIMIENTO ESTRATÉGICO PESOS
CFIFYNGIIB,10604,B,FINRE,AAAw+cAAhAABQK8AAg,FONDO DE INVERSIÓN FYNSA GALGO II
CFIFYNGIIC,10604,C,FINRE,AAAw+cAAhAABQK8AAg,FONDO DE INVERSIÓN FYNSA GALGO II
CFIBALT1,9969,A,FINRE,AAAw+cAAhAABQKAAAP,BICE ALTERNATIVOS FONDO DE INVERSION
CFIBALT2,9969,I,FINRE,AAAw+cAAhAABQKAAAP,BICE ALTERNATIVOS FONDO DE INVERSION
CFIFTMHE-E,9821,UNICA,FINRE,AAAw+cAAhAABP4UAA3,FRONTAL TRUST FINANCIAMIENTO HIPOTECARIO HABITACIONAL FONDO DE INVERSIÓN
CFILVPAA-E,9574,A,FINRE,AAAw+cAAhAABP4TAAB,FONDO DE INVERSIÓN LARRAÍN VIAL PAI PARTNERS EUROPE VII
CFIVCO7B-E,10148,B,FINRE,AAAw+cAAhAABQKAAAi,VOLCOMCAPITAL COINVESTMENT VII FONDO DE INVERSIÓN
CFIVCO7Z-E,10148,Z,FINRE,AAAw+cAAhAABQKAAAi,VOLCOMCAPITAL COINVESTMENT VII FONDO DE INVERSIÓN
CFIIMTPDI,9216,UNICA,FINRE,AAAw+cAAhAABP4OAAm,FONDO DE INVERSIÓN CREDICORP CAPITAL PRIVATE DEBT I
CFIPEI5C-E,10083,C,FINRE,AAAw+cAAhAABQKFAAZ,PICTON - EQT INFRASTRUCTURE V FONDO DE INVERSIÓN
CFIAEA3-E,10631,ÚNICA,FINRE,AAAw+cAAhAABQK7AAk,FONDO DE INVERSIÓN ACTIVA ESTRATEGIA AUTOMOTRIZ III
CFIMOV2R-E,10630,R,FINRE,AAAw+cAAhAABQK8AAl,FONDO DE INVERSIÓN ACTIVA MOVILIDAD II
CFIBCNVA-E,9531,A,FINRE,AAAw+cAAhAABP4RAAz,FONDO DE INVERSIÓN BCI NV
CFIBCNVB-E,9531,B,FINRE,AAAw+cAAhAABP4RAAz,FONDO DE INVERSIÓN BCI NV
CFIVIE1A-E,9418,A,FINRE,AAAw+cAAhAABP4LAAG,VOLCOMCAPITAL INFRAESTRUCTURA I FONDO DE INVERSION
CFIVIE1B-E,9418,B,FINRE,AAAw+cAAhAABP4LAAG,VOLCOMCAPITAL INFRAESTRUCTURA I FONDO DE INVERSION
CFIVIE1C-E,9418,C,FINRE,AAAw+cAAhAABP4LAAG,VOLCOMCAPITAL INFRAESTRUCTURA I FONDO DE INVERSION
CFICI81X-E,9657,I,FINRE,AAAw+cAAhAABP4VAAJ,FONDO DE INVERSION HMC CIP VIII
CFIBRE9B-E,9696,B,FINRE,AAAw+cAAhAABP4VAAS,COMPASS BREP IX REAL ESTATE FONDO DE INVERSION
CFIBRE9C-E,9696,C,FINRE,AAAw+cAAhAABP4VAAS,COMPASS BREP IX REAL ESTATE FONDO DE INVERSION
CFIBRE9I-E,9696,I,FINRE,AAAw+cAAhAABP4VAAS,COMPASS BREP IX REAL ESTATE FONDO DE INVERSION
CFIBAG5A-E,10472,A,FINRE,AAAw+cAAhAABQK8AAM,FONDO DE INVERSION AG DIRECT LENDING V
CFIBA5P3-E,10472,P3,FINRE,AAAw+cAAhAABQK8AAM,FONDO DE INVERSION AG DIRECT LENDING V
CFIHCI6F-E,10096,F,FINRE,AAAw+cAAhAABQKDAAW,FONDO DE INVERSIÓN LARRAÍN VIAL HARBOURVEST CO-INVESTMENT VI
CFIHCI6I-E,10096,I,FINRE,AAAw+cAAhAABQKDAAW,FONDO DE INVERSIÓN LARRAÍN VIAL HARBOURVEST CO-INVESTMENT VI
CFIHCI6P-E,10096,P,FINRE,AAAw+cAAhAABQKDAAW,FONDO DE INVERSIÓN LARRAÍN VIAL HARBOURVEST CO-INVESTMENT VI
CFIHCI6R-E,10096,R,FINRE,AAAw+cAAhAABQKDAAW,FONDO DE INVERSIÓN LARRAÍN VIAL HARBOURVEST CO-INVESTMENT VI
CFIHCI6S-E,10096,S,FINRE,AAAw+cAAhAABQKDAAW,FONDO DE INVERSIÓN LARRAÍN VIAL HARBOURVEST CO-INVESTMENT VI
CFICGGLE-E,9165,E,FINRE,AAAw+cAAhAABP4LAAc,COMPASS GLOBAL INVESTMENTS FONDO DE INVERSION
CFILCPXA-E,10115,A,FINRE,AAAw+cAAhAABQKFAAb,COMPASS LCP X PRIVATE EQUITY FONDO DE INVERSIÓN
CFILCPXB-E,10115,B,FINRE,AAAw+cAAhAABQKFAAb,COMPASS LCP X PRIVATE EQUITY FONDO DE INVERSIÓN
CFILCPXC-E,10115,C,FINRE,AAAw+cAAhAABQKFAAb,COMPASS LCP X PRIVATE EQUITY FONDO DE INVERSIÓN
CFILCPXI-E,10115,I,FINRE,AAAw+cAAhAABQKFAAb,COMPASS LCP X PRIVATE EQUITY FONDO DE INVERSIÓN
CFILCXIA-E,10115,IA,FINRE,AAAw+cAAhAABQKFAAb,COMPASS LCP X PRIVATE EQUITY FONDO DE INVERSIÓN
CFILCPXR-E,10115,R,FINRE,AAAw+cAAhAABQKFAAb,COMPASS LCP X PRIVATE EQUITY FONDO DE INVERSIÓN
CFIACP4F-E,9962,F,FINRE,AAAw+cAAhAABQKHAAH,FONDO DE INVERSIÓN LARRAÍN VIAL ACP SECONDARIES 4
CFIACP4I-E,9962,I,FINRE,AAAw+cAAhAABQKHAAH,FONDO DE INVERSIÓN LARRAÍN VIAL ACP SECONDARIES 4
CFIACP4R-E,9962,R,FINRE,AAAw+cAAhAABQKHAAH,FONDO DE INVERSIÓN LARRAÍN VIAL ACP SECONDARIES 4
CFIVRE1B-E,9407,B,FINRE,AAAw+cAAhAABP4KAAJ,VOLCOMCAPITAL REAL ESTATE I FONDO DE INVERSIÓN
CFIVRE1C-E,9407,C,FINRE,AAAw+cAAhAABP4KAAJ,VOLCOMCAPITAL REAL ESTATE I FONDO DE INVERSIÓN
CFI-CDX2IE,10414,I,FINRE,AAAw+cAAhAABQK+AAE,FONDO DE INVERSIÓN HMC CD&R FUND XII
CFIHMCREPI,10612,I,FIRES,AAAw+cAAhAABQK6AAZ,FONDO DE INVERSIÓN HMC RENDIMIENTO ESTRATÉGICO PESOS
CFIPK13C-E,10056,C,FINRE,AAAw+cAAhAABQKDAAP,PICTON - KKR NA XIII FONDO DE INVERSIÓN
CFIPK13I-E,10056,I,FINRE,AAAw+cAAhAABQKDAAP,PICTON - KKR NA XIII FONDO DE INVERSIÓN
CFIFYNDI2A,9465,UNICA,FINRE,AAAw+cAAhAABP4MAAQ,FONDO DE INVERSION LAB DEUDA INMOBILIARIA II
CFIFYNDI2B,9465,UNICA,FINRE,AAAw+cAAhAABP4MAAQ,FONDO DE INVERSION LAB DEUDA INMOBILIARIA II
CFIFYNDI2C,9465,UNICA,FINRE,AAAw+cAAhAABP4MAAQ,FONDO DE INVERSION LAB DEUDA INMOBILIARIA II
CFIHMI4I-E,10555,I,FINRE,AAAw+cAAhAABQK/AAU,FONDO DE INVERSIÓN HMC MEZZANINE INMOBILIARIO IV
CFIHMI4R-E,10555,R,FINRE,AAAw+cAAhAABQK/AAU,FONDO DE INVERSIÓN HMC MEZZANINE INMOBILIARIO IV
CFIHMI4X-E,10555,X,FINRE,AAAw+cAAhAABQK/AAU,FONDO DE INVERSIÓN HMC MEZZANINE INMOBILIARIO IV
CFIXDPIC-E,10477,C,FINRE,AAAw+cAAhAABQK+AAN,XLC DEUDA PRIVADA I FONDO DE INVERSIÓN
CFIBPVDIIA,10412,A,FINRE,AAAw+cAAhAABQK+AAC,BTG PACTUAL VENTURE DEBT II FONDO DE INVERSIÓN
CFIBPVDIIB,10412,B,FINRE,AAAw+cAAhAABQK+AAC,BTG PACTUAL VENTURE DEBT II FONDO DE INVERSIÓN
CFIXMIXA-E,10637,A,FINRE,AAAw+cAAhAABQK6AAg,XLC ACTIVOS I FONDO DE INVERSIÓN
CFIXMIXB-E,10637,B,FINRE,AAAw+cAAhAABQK6AAg,XLC ACTIVOS I FONDO DE INVERSIÓN
CFIXMIXC-E,10637,C,FINRE,AAAw+cAAhAABQK6AAg,XLC ACTIVOS I FONDO DE INVERSIÓN
CFICLSVB-E,9822,B,FINRE,AAAw+cAAhAABP4WAAt,COMPASS BXLS V PRIVATE EQUITY FONDO DE INVERSIÓN
CFICLSVC-E,9822,C,FINRE,AAAw+cAAhAABP4WAAt,COMPASS BXLS V PRIVATE EQUITY FONDO DE INVERSIÓN
CFICLSVI-E,9822,I,FINRE,AAAw+cAAhAABP4WAAt,COMPASS BXLS V PRIVATE EQUITY FONDO DE INVERSIÓN
CFICLSVR-E,9822,R,FINRE,AAAw+cAAhAABP4WAAt,COMPASS BXLS V PRIVATE EQUITY FONDO DE INVERSIÓN
CFICPE10-E,9081,A,FINRE,AAAw+cAAhAABP4JAAw,COMPASS PRIVATE EQUITY X FONDO DE INVERSIÓN
CFICGPE5-E,7269,A,FINRE,AAAw+cAAhAABP4JAAF,COMPASS PRIVATE EQUITY V FONDO DE INVERSION
CFICCPGIII,9359,UNICA,FINRE,AAAw+cAAhAABP4LAA/,FONDO DE INVERSIÓN CREDICORP CAPITAL – PG DIRECT III
CFIDHS4A,10639,A,FINRE,AAAw+cAAhAABQK/AAh,FONDO DE INVERSIÓN ACTIVA DEUDA HIPOTECARIA CON SUBSIDIO HABITACIONAL IV
CFIDHS4B-E,10639,B,FINRE,AAAw+cAAhAABQK/AAh,FONDO DE INVERSIÓN ACTIVA DEUDA HIPOTECARIA CON SUBSIDIO HABITACIONAL IV
CFIDHS4I-E,10639,I,FINRE,AAAw+cAAhAABQK/AAh,FONDO DE INVERSIÓN ACTIVA DEUDA HIPOTECARIA CON SUBSIDIO HABITACIONAL IV
CFIPEQI4-E,9719,UNICA,FINRE,AAAw+cAAhAABP4WAAe,PICTON – EQT INFRASTRUCTURE IV FONDO DE INVERSION
CFISDA3A-E,10649,A,FINRE,AAAw+cAAhAABQK7AAn,FONDO DE INVERSIÓN SECURITY DEUDA PRIVADA AUTOMOTRIZ III
CFISDA3B-E,10649,B,FINRE,AAAw+cAAhAABQK7AAn,FONDO DE INVERSIÓN SECURITY DEUDA PRIVADA AUTOMOTRIZ III
CFISDA3S-E,10649,S,FINRE,AAAw+cAAhAABQK7AAn,FONDO DE INVERSIÓN SECURITY DEUDA PRIVADA AUTOMOTRIZ III
CFILPGVB-E,10263,B,FINRE,AAAw+cAAhAABQKAAA1,FONDO DE INVERSIÓN LINK - PG DIRECT V
CFILPGVC-E,10263,C,FINRE,AAAw+cAAhAABQKAAA1,FONDO DE INVERSIÓN LINK - PG DIRECT V
CFIPGVCP-E,10263,CP,FINRE,AAAw+cAAhAABQKAAA1,FONDO DE INVERSIÓN LINK - PG DIRECT V
CFI-LPGVFE,10263,F,FINRE,AAAw+cAAhAABQKAAA1,FONDO DE INVERSIÓN LINK - PG DIRECT V
CFIPEQT7-E,9207,UNICA,FINRE,AAAw+cAAhAABP4OAAl,PICTON-EQT VII RV FONDO DE INVERSION
CFIDHS2I-E,9082,I,FINRE,AAAw+cAAhAABP4JAAp,FONDO DE INVERSIÓN ACTIVA DEUDA HIPOTECARIA CON SUBSIDIO HABITACIONAL II
CFIDAG3R-E,10651,R,FINRE,AAAw+cAAhAABQK/AAj,FONDO DE INVERSIÓN ACTIVA DEUDA AUTOMOTRIZ GLOBAL III
CFIASIXD-E,9417,D,FINRE,AAAw+cAAhAABP4OAAI,FONDO DE INVERSION ALTAMAR SECONDARIES IX
CFIAXMB-E,9775,B,FINRE,AAAw+cAAhAABP4UAAw,FONDO DE INVERSIÓN ALTAMAR X MIDMARKET
CFIAXMC-E,9775,C,FINRE,AAAw+cAAhAABP4UAAw,FONDO DE INVERSIÓN ALTAMAR X MIDMARKET
CFIAXMD-E,9775,D,FINRE,AAAw+cAAhAABP4UAAw,FONDO DE INVERSIÓN ALTAMAR X MIDMARKET
CFISDA3F-E,10649,A,FINRE,AAAw+cAAhAABQK7AAn,FONDO DE INVERSIÓN SECURITY DEUDA PRIVADA AUTOMOTRIZ III
CFIMC8A-E,10094,A,FINRE,AAAw+cAAhAABQKHAAV,MONEDA CARLYLE PARTNERS VIII FONDO DE INVERSIÓN
CFIMC8B-E,10094,B,FINRE,AAAw+cAAhAABQKHAAV,MONEDA CARLYLE PARTNERS VIII FONDO DE INVERSIÓN
CFIMC8C-E,10094,C,FINRE,AAAw+cAAhAABQKHAAV,MONEDA CARLYLE PARTNERS VIII FONDO DE INVERSIÓN
CFIMC8I-E,10094,I,FINRE,AAAw+cAAhAABQKHAAV,MONEDA CARLYLE PARTNERS VIII FONDO DE INVERSIÓN
CFIBODBP-E,9280,ADC,FINRE,AAAw+cAAhAABP4OAAy,FONDO DE INVERSIÓN BCI OPORTUNIDADES DEUDA
CFIBODCL-E,9280,ADC,FINRE,AAAw+cAAhAABP4OAAy,FONDO DE INVERSIÓN BCI OPORTUNIDADES DEUDA
CFIBODEI-E,9280,I,FINRE,AAAw+cAAhAABP4OAAy,FONDO DE INVERSIÓN BCI OPORTUNIDADES DEUDA
CFIARESC-E,9090,C,FINRE,AAAw+cAAhAABP4JAA6,FONDO DE INVERSION HMC ARES SPECIAL SITUATIONS IV-GLOBAL DISTRESSED DEBT
CFIARESI-E,9090,I,FINRE,AAAw+cAAhAABP4JAA6,FONDO DE INVERSION HMC ARES SPECIAL SITUATIONS IV-GLOBAL DISTRESSED DEBT
CFIAMG4A-E,10428,A,FINRE,AAAw+cAAhAABQK5AAE,AMERIS NM GUARDIAN IV FONDO DE INVERSION
CFIAMG4I-E,10428,I,FINRE,AAAw+cAAhAABQK5AAE,AMERIS NM GUARDIAN IV FONDO DE INVERSION
CFIAMG4R-E,10428,R,FINRE,AAAw+cAAhAABQK5AAE,AMERIS NM GUARDIAN IV FONDO DE INVERSION
CFIAMG4T-E,10428,T,FINRE,AAAw+cAAhAABQK5AAE,AMERIS NM GUARDIAN IV FONDO DE INVERSION
CFICVN7C-E,9731,C,FINRE,AAAw+cAAhAABP4TAAh,COMPASS CINVEN VII PRIVATE EQUITY FONDO DE INVERSION
CFICVN7I-E,9731,I,FINRE,AAAw+cAAhAABP4TAAh,COMPASS CINVEN VII PRIVATE EQUITY FONDO DE INVERSION
CFICV7IA-E,9731,IA,FINRE,AAAw+cAAhAABP4TAAh,COMPASS CINVEN VII PRIVATE EQUITY FONDO DE INVERSION
CFIBCHINPC,9665,UNICA,FINRE,AAAw+cAAhAABP4UAAR,FONDO DE INVERSION DESARROLLO INMOBILIARIO PERU - COLOMBIA
CFIPES3Y-E,9643,Y,FINRE,AAAw+cAAhAABP4WAAP,VOLCOMCAPITAL PE SECONDARY III FONDO DE INVERSIÓN
CFIHPH2A-E,9701,A,FINRE,AAAw+cAAhAABP4WAAb,FONDO DE INVERSIÓN HPH II
CFIHPH2B-E,9701,B,FINRE,AAAw+cAAhAABP4WAAb,FONDO DE INVERSIÓN HPH II
CFIHPH2C-E,9701,C,FINRE,AAAw+cAAhAABP4WAAb,FONDO DE INVERSIÓN HPH II
CFIHPH2I-E,9701,I,FINRE,AAAw+cAAhAABP4WAAb,FONDO DE INVERSIÓN HPH II
CFILVDXI-E,9838,I,FINRE,AAAw+cAAhAABP4VAAx,FONDO DE INVERSIÓN LARRAÍN VIAL DOVER STREET X
CFILVDXP-E,9838,P,FINRE,AAAw+cAAhAABP4VAAx,FONDO DE INVERSIÓN LARRAÍN VIAL DOVER STREET X
CFILVDXR-E,9838,R,FINRE,AAAw+cAAhAABP4VAAx,FONDO DE INVERSIÓN LARRAÍN VIAL DOVER STREET X
CFILVDXS-E,9838,S,FINRE,AAAw+cAAhAABP4VAAx,FONDO DE INVERSIÓN LARRAÍN VIAL DOVER STREET X
CFIFYNGIII,10604,I,FINRE,AAAw+cAAhAABQK8AAg,FONDO DE INVERSIÓN FYNSA GALGO II
CFIVMIMA-E,9633,A,FINRE,AAAw+cAAhAABP4XAAV,VOLCOMCAPITAL MID MARKET FONDO DE INVERSION
CFIVMIMB-E,9633,B,FINRE,AAAw+cAAhAABP4XAAV,VOLCOMCAPITAL MID MARKET FONDO DE INVERSION
CFIVMIMC-E,9633,C,FINRE,AAAw+cAAhAABP4XAAV,VOLCOMCAPITAL MID MARKET FONDO DE INVERSION
CFIPES4D-E,10248,D,FINRE,AAAw+cAAhAABQKBAAu,VOLCOMCAPITAL PE SECONDARY IV FONDO DE INVERSIÓN
CFIAFOGAPA,10643,PA,FINRE,AAAw+cAAhAABQK6AAh,AMERIS DEUDA PRIVADA CON GARANTÍA FOGAPE FONDO DE INVERSIÓN
CFIAFOGAPD,10643,PD,FINRE,AAAw+cAAhAABQK6AAh,AMERIS DEUDA PRIVADA CON GARANTÍA FOGAPE FONDO DE INVERSIÓN
CFIAFOGAPI,10643,PI,FINRE,AAAw+cAAhAABQK6AAh,AMERIS DEUDA PRIVADA CON GARANTÍA FOGAPE FONDO DE INVERSIÓN
CFIAFOGAPX,10643,PX,FINRE,AAAw+cAAhAABQK6AAh,AMERIS DEUDA PRIVADA CON GARANTÍA FOGAPE FONDO DE INVERSIÓN
CFIAFOGAS,10643,S,FINRE,AAAw+cAAhAABQK6AAh,AMERIS DEUDA PRIVADA CON GARANTÍA FOGAPE FONDO DE INVERSIÓN
CFIMBD3A-E,10574,A,FINRE,AAAw+cAAhAABQK/AAY,MBI DEUDA PRIVADA III FONDO DE INVERSIÓN
CFIMBD3B-E,10574,B,FINRE,AAAw+cAAhAABQK/AAY,MBI DEUDA PRIVADA III FONDO DE INVERSIÓN
CFIMBD3I-E,10574,I,FINRE,AAAw+cAAhAABQK/AAY,MBI DEUDA PRIVADA III FONDO DE INVERSIÓN
CFIBST5A-E,10088,A,FINRE,AAAw+cAAhAABQKBAAU,BICE STEPSTONE V FONDO DE INVERSION
CFIBST5I-E,10088,I,FINRE,AAAw+cAAhAABQKBAAU,BICE STEPSTONE V FONDO DE INVERSION
CFIDAG3C-E,10651,C,FINRE,AAAw+cAAhAABQK/AAj,FONDO DE INVERSIÓN ACTIVA DEUDA AUTOMOTRIZ GLOBAL III
CFIDAG3I-E,10651,I,FINRE,AAAw+cAAhAABQK/AAj,FONDO DE INVERSIÓN ACTIVA DEUDA AUTOMOTRIZ GLOBAL III
CFICGCORA,10598,A,FIRES,AAAw+cAAhAABQK/AAa,COMPASS CORE US EQUITIES FONDO DE INVERSIÓN
CFICGCORB,10598,B,FIRES,AAAw+cAAhAABQK/AAa,COMPASS CORE US EQUITIES FONDO DE INVERSIÓN
CFICGCORCG,10598,CG,FIRES,AAAw+cAAhAABQK/AAa,COMPASS CORE US EQUITIES FONDO DE INVERSIÓN
CFICGCORH,10598,H,FIRES,AAAw+cAAhAABQK/AAa,COMPASS CORE US EQUITIES FONDO DE INVERSIÓN
CFIAEA4I-E,10705,I,FINRE,AAAw+cAAhAABQK8AAs,FONDO DE INVERSIÓN ACTIVA ESTRATEGIA AUTOMOTRIZ IV
CFIAEA4R-E,10705,R,FINRE,AAAw+cAAhAABQK8AAs,FONDO DE INVERSIÓN ACTIVA ESTRATEGIA AUTOMOTRIZ IV
CFISEOPX-E,9146,A,FINRE,AAAw+cAAhAABP4MAAh,FONDO DE INVERSIÓN SECURITY OAKTREE OPPORTUNITIES - DEBT II
CFIAHVI-E,9694,I,FINRE,AAAw+cAAhAABP4WAAY,FONDO DE INVERSIÓN LARRAÍN VIAL APOLLO HYBRID VALUE
CFIAHVP-E,9694,I,FINRE,AAAw+cAAhAABP4WAAY,FONDO DE INVERSIÓN LARRAÍN VIAL APOLLO HYBRID VALUE
CFIAHVR-E,9694,I,FINRE,AAAw+cAAhAABP4WAAY,FONDO DE INVERSIÓN LARRAÍN VIAL APOLLO HYBRID VALUE
CFIBAIIA-E,10003,A,FINRE,AAAw+cAAhAABQKEAAP,COMPASS BCP ASIA II PRIVATE EQUITY FONDO DE INVERSIÓN
CFIBAIIB-E,10003,B,FINRE,AAAw+cAAhAABQKEAAP,COMPASS BCP ASIA II PRIVATE EQUITY FONDO DE INVERSIÓN
CFIBAIIC-E,10003,C,FINRE,AAAw+cAAhAABQKEAAP,COMPASS BCP ASIA II PRIVATE EQUITY FONDO DE INVERSIÓN
CFIBAIII-E,10003,I,FINRE,AAAw+cAAhAABQKEAAP,COMPASS BCP ASIA II PRIVATE EQUITY FONDO DE INVERSIÓN
CFIBAIIR-E,10003,R,FINRE,AAAw+cAAhAABQKEAAP,COMPASS BCP ASIA II PRIVATE EQUITY FONDO DE INVERSIÓN
CFIFTMPP-E,10689,P,FINRE,AAAw+cAAhAABQK7AAq,FRONTAL TRUST MERCADO PAGO CRÉDITOS FONDO DE INVERSIÓN
CFIFTMPI-E,10689,PI,FINRE,AAAw+cAAhAABQK7AAq,FRONTAL TRUST MERCADO PAGO CRÉDITOS FONDO DE INVERSIÓN
CFIFTMPR-E,10689,R,FINRE,AAAw+cAAhAABQK7AAq,FRONTAL TRUST MERCADO PAGO CRÉDITOS FONDO DE INVERSIÓN
CFICBXDA-E,10595,A,FINRE,AAAw+cAAhAABQK5AAg,COMPASS BXD PRIVATE DEBT FONDO DE INVERSIÓN
CFICBXDB-E,10595,B,FINRE,AAAw+cAAhAABQK5AAg,COMPASS BXD PRIVATE DEBT FONDO DE INVERSIÓN
CFICBXDC-E,10595,C,FINRE,AAAw+cAAhAABQK5AAg,COMPASS BXD PRIVATE DEBT FONDO DE INVERSIÓN
CFICBXDI-E,10595,I,FINRE,AAAw+cAAhAABQK5AAg,COMPASS BXD PRIVATE DEBT FONDO DE INVERSIÓN
CFICBXDR-E,10595,R,FINRE,AAAw+cAAhAABQK5AAg,COMPASS BXD PRIVATE DEBT FONDO DE INVERSIÓN
CFITACAI-E,10595,A,FINRE,AAAw+cAAhAABQK5AAg,COMPASS BXD PRIVATE DEBT FONDO DE INVERSIÓN
CFITACCI-E,10595,A,FINRE,AAAw+cAAhAABQK5AAg,COMPASS BXD PRIVATE DEBT FONDO DE INVERSIÓN
CFITACRI-E,10595,A,FINRE,AAAw+cAAhAABQK5AAg,COMPASS BXD PRIVATE DEBT FONDO DE INVERSIÓN
CFIAG3XN-E,9461,A,FINRE,AAAw+cAAhAABP4KAAO,AMERIS NM GUARDIAN II FONDO DE INVERSIÓN
CFILVLRE-E,9446,UNICA,FINRE,AAAw+cAAhAABP4MAAO,FONDO DE INVERSIÓN LARRAÍN VIAL LANDMARK REAL ESTATE VIII
CFIBSSVA-E,10231,A,FINRE,AAAw+cAAhAABQKAAAt,BICE STEPSTONE SSOF V FONDO DE INVERSIÓN
CFIBSSVI-E,10231,I,FINRE,AAAw+cAAhAABQKAAAt,BICE STEPSTONE SSOF V FONDO DE INVERSIÓN
CFIBSSVX-E,10231,X,FINRE,AAAw+cAAhAABQKAAAt,BICE STEPSTONE SSOF V FONDO DE INVERSIÓN
CFIAMG3A-E,9879,A,FINRE,AAAw+cAAhAABP4VAA9,AMERIS NM PRIVATE CREDIT FONDO DE INVERSIÓN
CFIAG3AN-E,9879,AN,FINRE,AAAw+cAAhAABP4VAA9,AMERIS NM PRIVATE CREDIT FONDO DE INVERSIÓN
CFIAMG3I-E,9879,I,FINRE,AAAw+cAAhAABP4VAA9,AMERIS NM PRIVATE CREDIT FONDO DE INVERSIÓN
CFIAG3IN-E,9879,IN,FINRE,AAAw+cAAhAABP4VAA9,AMERIS NM PRIVATE CREDIT FONDO DE INVERSIÓN
CFIAMG3R-E,9879,R,FINRE,AAAw+cAAhAABP4VAA9,AMERIS NM PRIVATE CREDIT FONDO DE INVERSIÓN
CFIAG3RN-E,9879,RN,FINRE,AAAw+cAAhAABP4VAA9,AMERIS NM PRIVATE CREDIT FONDO DE INVERSIÓN
CFIAMG3T-E,9879,T,FINRE,AAAw+cAAhAABP4VAA9,AMERIS NM PRIVATE CREDIT FONDO DE INVERSIÓN
CFIAG3XN-E,9879,XN,FINRE,AAAw+cAAhAABP4VAA9,AMERIS NM PRIVATE CREDIT FONDO DE INVERSIÓN
CFINGVIIN,10005,N,FINRE,AAAw+cAAhAABQKHAAO,FONDO DE INVERSION NEVASA GESTION INMOBILIARIA VII
CFINGVIIR,10005,R,FINRE,AAAw+cAAhAABQKHAAO,FONDO DE INVERSION NEVASA GESTION INMOBILIARIA VII
CFIMO13A-E,9855,A,FINRE,AAAw+cAAhAABP4TAA6,MONEDA ALPINVEST SECONDARIES VII FONDO DE INVERSIÓN
CFIMA7A2-E,9855,A2,FINRE,AAAw+cAAhAABP4TAA6,MONEDA ALPINVEST SECONDARIES VII FONDO DE INVERSIÓN
CFIM13AE-E,9855,AE,FINRE,AAAw+cAAhAABP4TAA6,MONEDA ALPINVEST SECONDARIES VII FONDO DE INVERSIÓN
CFIMO13B-E_x0006_,9855,B,FINRE,AAAw+cAAhAABP4TAA6,MONEDA ALPINVEST SECONDARIES VII FONDO DE INVERSIÓN
CFIMA7B2-E,9855,B2,FINRE,AAAw+cAAhAABP4TAA6,MONEDA ALPINVEST SECONDARIES VII FONDO DE INVERSIÓN
CFIMO13I-E,9855,I,FINRE,AAAw+cAAhAABP4TAA6,MONEDA ALPINVEST SECONDARIES VII FONDO DE INVERSIÓN
CFIMA7I2-E,9855,I2,FINRE,AAAw+cAAhAABP4TAA6,MONEDA ALPINVEST SECONDARIES VII FONDO DE INVERSIÓN
CFILGTVA-E,9899,A,FINRE,AAAw+cAAhAABQKDAAC,AMERIS LGT SECONDARIES V FONDO DE INVERSION
CFILGTVB-E,9899,B,FINRE,AAAw+cAAhAABQKDAAC,AMERIS LGT SECONDARIES V FONDO DE INVERSION
CFILGTVC-E,9899,C,FINRE,AAAw+cAAhAABQKDAAC,AMERIS LGT SECONDARIES V FONDO DE INVERSION
CFILGTVI-E,9899,I,FINRE,AAAw+cAAhAABQKDAAC,AMERIS LGT SECONDARIES V FONDO DE INVERSION
CFIPMIP4-E,9590,UNICA,FINRE,AAAw+cAAhAABP4WAAH,PICTON-MIP IV FONDO DE INVERSION
CFIBTHBA-E,10290,A,FINRE,AAAw+cAAhAABQKCAAx,BICE THOMA BRAVO XV FONDO DE INVERSIÓN
CFIBTHBI-E,10290,I,FINRE,AAAw+cAAhAABQKCAAx,BICE THOMA BRAVO XV FONDO DE INVERSIÓN
CFIBTHBX-E,10290,X,FINRE,AAAw+cAAhAABQKCAAx,BICE THOMA BRAVO XV FONDO DE INVERSIÓN
CFIAMSLPA,9919,A,FIRES,AAAw+cAAhAABQKBAAC,AMERIS AATECH FINANCIAMIENTO CORTO PLAZO FONDO DE INVERSIÓN
CFIAMSLPI,9919,A,FIRES,AAAw+cAAhAABQKBAAC,AMERIS AATECH FINANCIAMIENTO CORTO PLAZO FONDO DE INVERSIÓN
CFIAMSLPX,9919,A,FIRES,AAAw+cAAhAABQKBAAC,AMERIS AATECH FINANCIAMIENTO CORTO PLAZO FONDO DE INVERSIÓN
CFI-XALTCE,10669,C,FINRE,AAAw+cAAhAABQK+AAl,XLC ALTERNATIVOS I FONDO DE INVERSIÓN
CFIAFVVIIA,10626,A,FINRE,AAAw+cAAhAABQK6AAd,AMERIS FINANCIAMIENTO PARA ACCESO A LA VIVIENDA II FONDO DE INVERSIÓN.
CFIAFVVIII,10626,I,FINRE,AAAw+cAAhAABQK6AAd,AMERIS FINANCIAMIENTO PARA ACCESO A LA VIVIENDA II FONDO DE INVERSIÓN.
CFIBTGDEA,10641,A,FINRE,AAAw+cAAhAABQK7AAm,BTG PACTUAL DEUDA ESTRATÉGICA FONDO DE INVERSIÓN
CFIBTGDEB,10641,B,FINRE,AAAw+cAAhAABQK7AAm,BTG PACTUAL DEUDA ESTRATÉGICA FONDO DE INVERSIÓN
CFIBTGDEI,10641,I,FINRE,AAAw+cAAhAABQK7AAm,BTG PACTUAL DEUDA ESTRATÉGICA FONDO DE INVERSIÓN
CFICCAXF-E,9314,E,FINRE,AAAw+cAAhAABP4MAA1,FONDO DE INVERSIÓN CREDICORP CAPITAL – AIX FULLY FUNDED
CFIVPE9D-E,10186,D,FINRE,AAAw+cAAhAABQKAAAp,VOLCOMCAPITAL PRIVATE EQUITY IX FONDO DE INVERSIÓN
CFIADDUSDA,10627,A,FINRE,AAAw+cAAhAABQK8AAk,AMERIS DEUDA DIRECTA DÓLAR FONDO DE INVERSIÓN
CFIADDUSDF,10627,F,FINRE,AAAw+cAAhAABQK8AAk,AMERIS DEUDA DIRECTA DÓLAR FONDO DE INVERSIÓN
CFIADDUSDX,10627,X,FINRE,AAAw+cAAhAABQK8AAk,AMERIS DEUDA DIRECTA DÓLAR FONDO DE INVERSIÓN
CFIBTGEU,9527,A,FIRES,AAAw+cAAhAABP4RAA4,BTG PACTUAL GLOBAL LEADERS FONDO DE INVERSIÓN
CFIACP5F-E,10545,F,FINRE,AAAw+cAAhAABQK9AAT,FONDO DE INVERSIÓN LARRAÍN VIAL ACP SECONDARIES 5
CFIACP5I-E,10545,I,FINRE,AAAw+cAAhAABQK9AAT,FONDO DE INVERSIÓN LARRAÍN VIAL ACP SECONDARIES 5
CFIACP5P-E,10545,P,FINRE,AAAw+cAAhAABQK9AAT,FONDO DE INVERSIÓN LARRAÍN VIAL ACP SECONDARIES 5
CFIACP5R-E,10545,R,FINRE,AAAw+cAAhAABQK9AAT,FONDO DE INVERSIÓN LARRAÍN VIAL ACP SECONDARIES 5
CFIBRE6B-E,9794,B,FINRE,AAAw+cAAhAABP4UAAy,COMPASS BREP EUROPE VI REAL ESTATE FONDO DE INVERSIÓN
CFIBRE6C-E,9794,C,FINRE,AAAw+cAAhAABP4UAAy,COMPASS BREP EUROPE VI REAL ESTATE FONDO DE INVERSIÓN
CFIBRE6I-E,9794,I,FINRE,AAAw+cAAhAABP4UAAy,COMPASS BREP EUROPE VI REAL ESTATE FONDO DE INVERSIÓN
CFIDHSI,10581,I,FINRE,AAAw+cAAhAABQK/AAZ,BTG PACTUAL DEUDA HABITACIONAL CON SUBSIDIO FONDO DE INVERSIÓN
CFIEADSCUE,9403,A,FIRES,AAAw+cAAhAABP4RAAE,FONDO DE INVERSIÓN ZURICH DESCUENTO
CFIEAHYCUI,7295,CUI,FIRES,AAAw+cAAhAABP4JAAA,FONDO DE INVERSION ZURICH HIGH YIELD UF
CFIEAIHYUF,7295,A,FIRES,AAAw+cAAhAABP4JAAA,FONDO DE INVERSION ZURICH HIGH YIELD UF
CFIEARFCHA,9476,A,FIRES,AAAw+cAAhAABP4LAAT,FONDO DE INVERSIÓN ZURICH RENTA FIJA CHILE INDEX FUND
CFIBTGDAPA,9358,A,FIRES,AAAw+cAAhAABP4OAAB,BTG PACTUAL DEUDA ACTIVA PLUS FONDO DE INVERSIÓN
CFIBTGDAPF,9358,F,FIRES,AAAw+cAAhAABP4OAAB,BTG PACTUAL DEUDA ACTIVA PLUS FONDO DE INVERSIÓN
CFIBTGDAPG,9358,G,FIRES,AAAw+cAAhAABP4OAAB,BTG PACTUAL DEUDA ACTIVA PLUS FONDO DE INVERSIÓN
CFIBTGDAPI,9358,I,FIRES,AAAw+cAAhAABP4OAAB,BTG PACTUAL DEUDA ACTIVA PLUS FONDO DE INVERSIÓN
CFIBPDCCHA,7184,A,FIRES,AAAw+cAAhAABP4CAA6,BTG PACTUAL DEUDA CORPORATIVA CHILE FONDO DE INVERSION
CFIBPDCCHF,7184,F,FIRES,AAAw+cAAhAABP4CAA6,BTG PACTUAL DEUDA CORPORATIVA CHILE FONDO DE INVERSION
"CFIBPDCCHG
No Inscrita",7184,G,FIRES,AAAw+cAAhAABP4CAA6,BTG PACTUAL DEUDA CORPORATIVA CHILE FONDO DE INVERSION
CFIBPDCCHI,7184,I,FIRES,AAAw+cAAhAABP4CAA6,BTG PACTUAL DEUDA CORPORATIVA CHILE FONDO DE INVERSION
CFIHMCIP2I,9404,I,FINRE,AAAw+cAAhAABP4OAAF,FONDO DE INVERSIÓN HMC INMOBILIARIO PERÚ II
CFIHMCIP2R,9404,R,FINRE,AAAw+cAAhAABP4OAAF,FONDO DE INVERSIÓN HMC INMOBILIARIO PERÚ II
CFICGGUDVA,9364,DVA,FIRES,AAAw+cAAhAABP4PAA6,COMPASS GLOBAL CREDIT USD FONDO DE INVERSION
CFMLVENFIR,8723,A,RGFMU,AAAw+cAAhAABPt9AAE,FONDO MUTUO LARRAINVIAL ENFOQUE
CFMLVENFR,8723,A,RGFMU,AAAw+cAAhAABPt9AAE,FONDO MUTUO LARRAINVIAL ENFOQUE
CFICLCDA,9102,A,FIRES,AAAw+cAAhAABP4JAAr,COMPASS LATAM CORPORATE DEBT FONDO DE INVERSION
CFICLCDB,9102,B,FIRES,AAAw+cAAhAABP4JAAr,COMPASS LATAM CORPORATE DEBT FONDO DE INVERSION
CFICLCDVA,9102,DVA,FIRES,AAAw+cAAhAABP4JAAr,COMPASS LATAM CORPORATE DEBT FONDO DE INVERSION
CFICGGCPA,9363,A,FIRES,AAAw+cAAhAABP4OAA8,COMPASS GLOBAL CREDIT CLP FONDO DE INVERSION
CFICGGCPB,9363,A,FIRES,AAAw+cAAhAABP4OAA8,COMPASS GLOBAL CREDIT CLP FONDO DE INVERSION
CFICGGCPC,9363,A,FIRES,AAAw+cAAhAABP4OAA8,COMPASS GLOBAL CREDIT CLP FONDO DE INVERSION
CFICGGCPD,9363,A,FIRES,AAAw+cAAhAABP4OAA8,COMPASS GLOBAL CREDIT CLP FONDO DE INVERSION
CFICGGCDVA,9363,A,FIRES,AAAw+cAAhAABP4OAA8,COMPASS GLOBAL CREDIT CLP FONDO DE INVERSION
CFIBCHDLPA,10462,A,FIRES,AAAw+cAAhAABQK+AAI,FONDO DE INVERSION BANCHILE DEUDA LARGO PLAZO
CFIBGRESTA,8604,ALTOPATRIM,RGFMU,AAAw+cAAhAABPt6AAI,FONDO MUTUO SCOTIA REAL ESTATE GLOBAL
CFIDVACOOB,10207,UNICA,FIRES,AAAw+cAAhAABQKEAAu,COOPEUCH DVA BALANCEADO INNOVADOR FONDO DE INVERSIÓN
CFIBCHDEGB,9318,A,FIRES,AAAw+cAAhAABP4KAA5,FONDO DE INVERSION BANCHILE DEUDA GLOBAL INVESTMENT GRADE
CFIFYNDETA,10656,A,FIRES,AAAw+cAAhAABQK6AAj,FONDO DE INVERSIÓN FYNSA DEUDA TÁCTICA
CFIFYNDETB,10656,B,FIRES,AAAw+cAAhAABQK6AAj,FONDO DE INVERSIÓN FYNSA DEUDA TÁCTICA
CFISANTDCA,9348,A,FIRES,AAAw+cAAhAABP4OAAA,FONDO DE INVERSION SANTANDER DEUDA CORPORATIVA CHILE
CFISANHICA,7119,A,FIRES,AAAw+cAAhAABP4HAAQ,FONDO DE INVERSION SANTANDER HIGH CONVICTION CHILEAN EQUITIES
CFINVSDPR,9952,R,FINRE,AAAw+cAAhAABQKCAAE,FONDO DE INVERSIÓN NEVASA DEUDA PRIVADA
CFIOOX1A-E,9906,A,FINRE,AAAw+cAAhAABQKEAAD,FONDO DE INVERSIÓN SINGULAR OAKTREE OPPORTUNITIES FUND XI
CFIOOX1I-E,9906,I,FINRE,AAAw+cAAhAABQKEAAD,FONDO DE INVERSIÓN SINGULAR OAKTREE OPPORTUNITIES FUND XI
CFIXMIXD-E,10637,D,FINRE,AAAw+cAAhAABQK6AAg,XLC ACTIVOS I FONDO DE INVERSIÓN
CFIAMDVADA,9958,A,FIRES,AAAw+cAAhAABQKHAAG,COMPASS DVA DEUDA PRIVADA USA FONDO DE INVERSIÓN
CFIAMDVADX,9958,CG,FIRES,AAAw+cAAhAABQKHAAG,COMPASS DVA DEUDA PRIVADA USA FONDO DE INVERSIÓN
CFINVPROTA,10234,A,FIRES,AAAw+cAAhAABQKAAAu,FONDO DE INVERSION NEVASA PROTECCION
CFINVCHXA,10233,A,FIRES,AAAw+cAAhAABQKGAAm,FONDO DE INVERSIÓN NEVASA CHILE AXION
CFINVCHXB,10233,B,FIRES,AAAw+cAAhAABQKGAAm,FONDO DE INVERSIÓN NEVASA CHILE AXION
CFICODPDVA,7200,DVA,FIRES,AAAw+cAAhAABP4CAA7,COMPASS DEUDA PLUS FONDO DE INVERSION
CFICCLAB-E,7225,B,FIRES,AAAw+cAAhAABP4CAAm,FONDO DE INVERSIÓN CREDICORP CAPITAL RF LATAM
CFICCLAD-E,7225,D,FIRES,AAAw+cAAhAABP4CAAm,FONDO DE INVERSIÓN CREDICORP CAPITAL RF LATAM
CFICLAI-E,7225,I,FIRES,AAAw+cAAhAABP4CAAm,FONDO DE INVERSIÓN CREDICORP CAPITAL RF LATAM
CFIQDIA,9791,A,FINRE,AAAw+cAAhAABP4TAAt,QUEST INVERSION DE IMPACTO FONDO DE INVERSION
CFIXHPLA-E,10568,A,FINRE,AAAw+cAAhAABQK5AAZ,XLC HPS HLEND FONDO DE INVERSIÓN
CFIXHPLN-E,10568,N,FINRE,AAAw+cAAhAABQK5AAZ,XLC HPS HLEND FONDO DE INVERSIÓN
CFIDREPI-E,9458,I,FINRE,AAAw+cAAhAABP4OAAL,FONDO DE INVERSIÓN DRAKE REAL ESTATE PARTNERS FUND III
CFIDREPP-E,9458,P,FINRE,AAAw+cAAhAABP4OAAL,FONDO DE INVERSIÓN DRAKE REAL ESTATE PARTNERS FUND III
CFIVNTDP-E,9959,UNICA,FINRE,AAAw+cAAhAABQKFAAI,FONDO DE INVERSIÓN VANTRUST CAPITAL DEUDA PRIVADA
CFIMBICL-C,10381,C,FIRES,AAAw+cAAhAABQKDAA6,MBI CONVICCIÓN CHILE FONDO DE INVERSIÓN
CFIMBIDC-C,10162,C,FIRES,AAAw+cAAhAABQKEAAm,MBI DEUDA CORPORATIVA FONDO DE INVERSIÓN
CFIAMDVASX,9725,CG,FIRES,AAAw+cAAhAABP4WAAf,COMPASS DVA SILICON FUND FONDO DE INVERSIÓN
CFIVNTDSA,10588,A,FIRES,AAAw+cAAhAABQK8AAe,FONDO DE INVERSIÓN VANTRUST ACCIONES DIVIDEND STARS
CFIVNTANA,9773,A,FIRES,AAAw+cAAhAABP4VAAi,FONDO DE INVERSIÓN VANTRUST CAPITAL ACCIONES NACIONALES
CFIVNTANI,9773,A,FIRES,AAAw+cAAhAABP4VAAi,FONDO DE INVERSIÓN VANTRUST CAPITAL ACCIONES NACIONALES
CFIAMDVAMA,9118,A,FIRES,AAAw+cAAhAABP4MAAV,COMPASS DVA MULTIAXIS FONDO DE INVERSIÓN
CFIAMDVAMC,9118,C,FIRES,AAAw+cAAhAABP4MAAV,COMPASS DVA MULTIAXIS FONDO DE INVERSIÓN
CFIAMDVAMX,9118,CG,FIRES,AAAw+cAAhAABP4MAAV,COMPASS DVA MULTIAXIS FONDO DE INVERSIÓN
CFIAMDVAMD,9118,D,FIRES,AAAw+cAAhAABP4MAAV,COMPASS DVA MULTIAXIS FONDO DE INVERSIÓN
CFIFTRLP-E,9917,P,FINRE,AAAw+cAAhAABQKAAAG,FRONTAL TRUST – CORDADA RENDIMIENTO CON LIQUIDEZ FONDO DE INVERSIÓN
CFIFTRPI-E,9917,PI,FINRE,AAAw+cAAhAABQKAAAG,FRONTAL TRUST – CORDADA RENDIMIENTO CON LIQUIDEZ FONDO DE INVERSIÓN
CFIFTCLP-E,10491,CLPP,FINRE,AAAw+cAAhAABQK+AAS,FRONTAL TRUST – CORDADA RENDIMIENTO CON LIQUIDEZ MEDIANO PLAZO FONDO DE INVERSIÓN
CFIFTUFP-E,10491,UFP,FINRE,AAAw+cAAhAABQK+AAS,FRONTAL TRUST – CORDADA RENDIMIENTO CON LIQUIDEZ MEDIANO PLAZO FONDO DE INVERSIÓN
CFIPIONR,7010,R,FINRE,AAAw+cAAhAABP4BAAk,PIONERO FONDO DE INVERSION
CFIXLCDA-E,10477,A,FINRE,AAAw+cAAhAABQK+AAN,XLC DEUDA PRIVADA I FONDO DE INVERSIÓN
CFIXLCDI-E,10477,A,FINRE,AAAw+cAAhAABQK+AAN,XLC DEUDA PRIVADA I FONDO DE INVERSIÓN
CFIXLCDR-E,10477,A,FINRE,AAAw+cAAhAABQK+AAN,XLC DEUDA PRIVADA I FONDO DE INVERSIÓN
CFIVRE5A-E,9913,A,FINRE,AAAw+cAAhAABQKDAAE,VOLCOMCAPITAL REAL ESTATE V FONDO DE INVERSIÓN
CFIVRE5B-E,9913,B,FINRE,AAAw+cAAhAABQKDAAE,VOLCOMCAPITAL REAL ESTATE V FONDO DE INVERSIÓN
CFIAMG3X-E,9879,X,FINRE,AAAw+cAAhAABP4VAA9,AMERIS NM PRIVATE CREDIT FONDO DE INVERSIÓN
CFI-PEQI6E,10549,UNICA,FINRE,AAAw+cAAhAABQK/AAQ,PICTON - EQT INFRASTRUCTURE VI FONDO DE INVERSIÓN
CFIPHL2A-E,9707,A,FINRE,AAAw+cAAhAABP4XAAj,PICTON - HAMILTON LANE SMID II FONDO DE INVERSION
CFITDPF1-E,9619,F1,FINRE,AAAw+cAAhAABP4TAAL,TOESCA DEUDA PRIVADA FONDO DE INVERSION
CFIMP10A-E,9636,A,FINRE,AAAw+cAAhAABP4VAAH,MONEDA CARLYLE EUROPE PARTNERS V FONDO DE INVERSIÓN
CFIMP10C-E,9636,C,FINRE,AAAw+cAAhAABP4VAAH,MONEDA CARLYLE EUROPE PARTNERS V FONDO DE INVERSIÓN
CFIMP10I-E,9636,I,FINRE,AAAw+cAAhAABP4VAAH,MONEDA CARLYLE EUROPE PARTNERS V FONDO DE INVERSIÓN
CFIASXIA-E,10565,A,FINRE,AAAw+cAAhAABQK7AAa,AMERIS DOVER STREET XI FONDO DE INVERSIÓN
CFIASXIB-E,10565,B,FINRE,AAAw+cAAhAABQK7AAa,AMERIS DOVER STREET XI FONDO DE INVERSIÓN
CFIASXII-E,10565,I,FINRE,AAAw+cAAhAABQK7AAa,AMERIS DOVER STREET XI FONDO DE INVERSIÓN
CFIBPDPI2A,10678,A,FINRE,AAAw+cAAhAABQK+AAo,BTG PACTUAL DEUDA PRIVADA INMOBILIARIA II FONDO DE INVERSIÓN
CFIBPDPI2B,10678,A,FINRE,AAAw+cAAhAABQK+AAo,BTG PACTUAL DEUDA PRIVADA INMOBILIARIA II FONDO DE INVERSIÓN
CFIBPDPI2C,10678,A,FINRE,AAAw+cAAhAABQK+AAo,BTG PACTUAL DEUDA PRIVADA INMOBILIARIA II FONDO DE INVERSIÓN
CFIBPDPI2I,10678,A,FINRE,AAAw+cAAhAABQK+AAo,BTG PACTUAL DEUDA PRIVADA INMOBILIARIA II FONDO DE INVERSIÓN
CFIBPDPI2P,10678,A,FINRE,AAAw+cAAhAABQK+AAo,BTG PACTUAL DEUDA PRIVADA INMOBILIARIA II FONDO DE INVERSIÓN
CFICCAIXFF,9314,I,FINRE,AAAw+cAAhAABP4MAA1,FONDO DE INVERSIÓN CREDICORP CAPITAL – AIX FULLY FUNDED
CFISBLCA-E,10624,A,FINRE,AAAw+cAAhAABQK+AAh,FONDO DE INVERSIÓN SECURITY DDP BRIDGE-LOAN FULLY FUNDED CLP
CFISBLCB-E,10624,B,FINRE,AAAw+cAAhAABQK+AAh,FONDO DE INVERSIÓN SECURITY DDP BRIDGE-LOAN FULLY FUNDED CLP
CFISBLCI-E,10624,I,FINRE,AAAw+cAAhAABQK+AAh,FONDO DE INVERSIÓN SECURITY DDP BRIDGE-LOAN FULLY FUNDED CLP
CFISDA4A-E,10745,A,FINRE,AAAw+cAAhAABQK5AA2,FONDO DE INVERSIÓN SECURITY DEUDA PRIVADA AUTOMOTRIZ IV
CFISDA4B-E,10745,B,FINRE,AAAw+cAAhAABQK5AA2,FONDO DE INVERSIÓN SECURITY DEUDA PRIVADA AUTOMOTRIZ IV
CFISDA4S-E,10745,S,FINRE,AAAw+cAAhAABQK5AA2,FONDO DE INVERSIÓN SECURITY DEUDA PRIVADA AUTOMOTRIZ IV
CFISDA4U-E,10745,SUB,FINRE,AAAw+cAAhAABQK5AA2,FONDO DE INVERSIÓN SECURITY DEUDA PRIVADA AUTOMOTRIZ IV
CFIFGTCR-E,9509,UNICA,FINRE,AAAw+cAAhAABP4OAAU,FONDO DE INVERSIÓN FALCOM GTCR PRIVATE EQUITY XII
CFIIMTPEX,7183,E,FINRE,AAAw+cAAhAABP4IAAa,FONDO DE INVERSIÓN CREDICORP CAPITAL PRIVATE EQUITY – PG DIRECT I
CFIIMTPEI,7183,E,FINRE,AAAw+cAAhAABP4IAAa,FONDO DE INVERSIÓN CREDICORP CAPITAL PRIVATE EQUITY – PG DIRECT I
CFIPHB13-E,9746,UNICA,FINRE,AAAw+cAAhAABP4TAAi,PICTON - HBP XIII VENTURE FONDO DE INVERSION
CFIPHB14-E,10153,UNICA,FINRE,AAAw+cAAhAABQKCAAn,PICTON - HBP VENTURE 14 FONDO DE INVERSIÓN
CFI-PHB15E,10529,UNICA,FINRE,AAAw+cAAhAABQK+AAW,PICTON - HBP VENTURE 15 FONDO DE INVERSIÓN
CFI-HCI9EE,10681,E,FINRE,AAAw+cAAhAABQK5AAv,FONDO DE INVERSIÓN HMC CIP IX
CFI-HCI9IE,10681,I,FINRE,AAAw+cAAhAABQK5AAv,FONDO DE INVERSIÓN HMC CIP IX
CFIPEASB-E,10464,B,FINRE,AAAw+cAAhAABQK7AAI,VOLCOMCAPITAL PRIVATE EQUITY ASIA FONDO DE INVERSION
CFIPEASC-E,10464,C,FINRE,AAAw+cAAhAABQK7AAI,VOLCOMCAPITAL PRIVATE EQUITY ASIA FONDO DE INVERSION
CFICGGI2-E,9275,A,FINRE,AAAw+cAAhAABP4OAAx,COMPASS GLOBAL INVESTMENTS II FONDO DE INVERSION
CFI-PTPG9E,10293,UNICA,FINRE,AAAw+cAAhAABQKEAA4,PICTON - TPG IX FONDO DE INVERSIÓN
CFIACE3A-E,10699,A,FINRE,AAAw+cAAhAABQK5AAx,AMERIS CESL III FONDO DE INVERSIÓN
CFIACE3B-E,10699,B,FINRE,AAAw+cAAhAABQK5AAx,AMERIS CESL III FONDO DE INVERSIÓN
CFIACE3C-E,10699,C,FINRE,AAAw+cAAhAABQK5AAx,AMERIS CESL III FONDO DE INVERSIÓN
CFIPLSX1-E,9380,UNICA,FINRE,AAAw+cAAhAABP4PAA8,FONDO DE INVERSION PRINCIPAL LSX1
CFITACBI-E,10595,A,FINRE,AAAw+cAAhAABQK5AAg,COMPASS BXD PRIVATE DEBT FONDO DE INVERSIÓN
CFISGNPA-E,10718,A,FINRE,AAAw+cAAhAABQK7AAx,FONDO DE INVERSIÓN SECURITY GNP IV CLP
CFISGNPG-E,10718,GP,FINRE,AAAw+cAAhAABQK7AAx,FONDO DE INVERSIÓN SECURITY GNP IV CLP
CFIAGIIB-E,9603,B,FINRE,AAAw+cAAhAABP4WAAK,FONDO DE INVERSIÓN ALTAMAR GALDANA VENTURES II
CFIAGIIC-E,9603,C,FINRE,AAAw+cAAhAABP4WAAK,FONDO DE INVERSIÓN ALTAMAR GALDANA VENTURES II
CFIAGIID-E,9603,D,FINRE,AAAw+cAAhAABP4WAAK,FONDO DE INVERSIÓN ALTAMAR GALDANA VENTURES II
CFIAFOGANA,10643,ND,FINRE,AAAw+cAAhAABQK6AAh,AMERIS DEUDA PRIVADA CON GARANTÍA FOGAPE FONDO DE INVERSIÓN
CFIRENT-A,10762,A,FINRE,AAAw+cAAhAABQK8AAx,AVANTE RENTA V FONDO DE INVERSION
CFIRENT-AP,10762,AP,FINRE,AAAw+cAAhAABQK8AAx,AVANTE RENTA V FONDO DE INVERSION
CFIBPDPI2A,10678,A,FINRE,AAAw+cAAhAABQK+AAo,BTG PACTUAL DEUDA PRIVADA INMOBILIARIA II FONDO DE INVERSIÓN
CFIBPDPI2B,10678,B,FINRE,AAAw+cAAhAABQK+AAo,BTG PACTUAL DEUDA PRIVADA INMOBILIARIA II FONDO DE INVERSIÓN
CFIBPDPI2P,10678,BTGP,FINRE,AAAw+cAAhAABQK+AAo,BTG PACTUAL DEUDA PRIVADA INMOBILIARIA II FONDO DE INVERSIÓN
CFIBPDPI2C,10678,C,FINRE,AAAw+cAAhAABQK+AAo,BTG PACTUAL DEUDA PRIVADA INMOBILIARIA II FONDO DE INVERSIÓN
CFIBPDPI2I,10678,I,FINRE,AAAw+cAAhAABQK+AAo,BTG PACTUAL DEUDA PRIVADA INMOBILIARIA II FONDO DE INVERSIÓN
CFIIMTPGF,9185,E,FINRE,AAAw+cAAhAABP4LAAh,FONDO DE INVERSIÓN CREDICORP CAPITAL PRIVATE EQUITY – PG SECONDARIES II FULLY FUNDED
CFILHMHA-E,10675,A,FINRE,AAAw+cAAhAABQK+AAn,FONDO DE INVERSIÓN BCI LH Y MHE III
CFILHADC-E,10675,ADC,FINRE,AAAw+cAAhAABQK+AAn,FONDO DE INVERSIÓN BCI LH Y MHE III
CFILHMHB-E,10675,B,FINRE,AAAw+cAAhAABQK+AAn,FONDO DE INVERSIÓN BCI LH Y MHE III
CFILHBCI-E,10675,BCI,FINRE,AAAw+cAAhAABQK+AAn,FONDO DE INVERSIÓN BCI LH Y MHE III
CFILHMHC-E,10675,C,FINRE,AAAw+cAAhAABQK+AAn,FONDO DE INVERSIÓN BCI LH Y MHE III
CFILHMHI-E,10675,I,FINRE,AAAw+cAAhAABQK+AAn,FONDO DE INVERSIÓN BCI LH Y MHE III
CFI-CPD4BE,10352,B,FINRE,AAAw+cAAhAABQKFAAv,FONDO DE INVERSIÓN CREDICORP CAPITAL PRIVATE DEBT IV
CFI-CPD4IE,10352,I,FINRE,AAAw+cAAhAABQKFAAv,FONDO DE INVERSIÓN CREDICORP CAPITAL PRIVATE DEBT IV
CFIPDVIX-E,9742,UNICA,FINRE,AAAw+cAAhAABP4XAAq,FONDO DE INVERSION PRINCIPAL ADVENT GPE-IX
CFI-PES5AE,10655,A,FINRE,AAAw+cAAhAABQK9AAh,VOLCOMCAPITAL PE SECONDARY V FONDO DE INVERSIÓN
CFI-PES5BE,10655,B,FINRE,AAAw+cAAhAABQK9AAh,VOLCOMCAPITAL PE SECONDARY V FONDO DE INVERSIÓN
CFI-PES5CE,10655,C,FINRE,AAAw+cAAhAABQK9AAh,VOLCOMCAPITAL PE SECONDARY V FONDO DE INVERSIÓN
CFI-PES5DE,10655,D,FINRE,AAAw+cAAhAABQK9AAh,VOLCOMCAPITAL PE SECONDARY V FONDO DE INVERSIÓN
CFILVGII-E,9771,I,FINRE,AAAw+cAAhAABP4TAAp,FONDO DE INVERSIÓN LARRAÍN VIAL GLOBAL INFRASTRUCTURE PARTNERS IV
CFILVGIP-E,9771,P,FINRE,AAAw+cAAhAABP4TAAp,FONDO DE INVERSIÓN LARRAÍN VIAL GLOBAL INFRASTRUCTURE PARTNERS IV
CFILVGIR-E,9771,R,FINRE,AAAw+cAAhAABP4TAAp,FONDO DE INVERSIÓN LARRAÍN VIAL GLOBAL INFRASTRUCTURE PARTNERS IV
CFISDA4F-E,10745,A,FINRE,AAAw+cAAhAABQK5AA2,FONDO DE INVERSIÓN SECURITY DEUDA PRIVADA AUTOMOTRIZ IV
CFIPLS11-E,9660,UNICA,FINRE,AAAw+cAAhAABP4VAAK,FONDO DE INVERSION PRINCIPAL LS11
CFIPCOIA-E,10780,A,FINRE,AAAw+cAAhAABQK/AA2,MONEDA PATRIA COINVESTMENT I FONDO DE INVERSIÓN
CFIPCOFM-E,10780,FM,FINRE,AAAw+cAAhAABQK/AA2,MONEDA PATRIA COINVESTMENT I FONDO DE INVERSIÓN
CFIPCOII-E,10780,I,FINRE,AAAw+cAAhAABQK/AA2,MONEDA PATRIA COINVESTMENT I FONDO DE INVERSIÓN
CFIPCOIP-E,10780,P,FINRE,AAAw+cAAhAABQK/AA2,MONEDA PATRIA COINVESTMENT I FONDO DE INVERSIÓN
CFIVIE4A-E,10636,A,FINRE,AAAw+cAAhAABQK7AAl,VOLCOMCAPITAL INFRAESTRUCTURA IV FONDO DE INVERSION
CFIVIE4C-E,10636,C,FINRE,AAAw+cAAhAABQK7AAl,VOLCOMCAPITAL INFRAESTRUCTURA IV FONDO DE INVERSION
CFIVIE4D-E,10636,D,FINRE,AAAw+cAAhAABQK7AAl,VOLCOMCAPITAL INFRAESTRUCTURA IV FONDO DE INVERSION
CFIANXIA-E,9506,A,FINRE,AAAw+cAAhAABP4RAAW,AMERIS PRIVATE EQUITY NORDIC IX FONDO DE INVERSIÓN
CFIANXIB-E,9506,A,FINRE,AAAw+cAAhAABP4RAAW,AMERIS PRIVATE EQUITY NORDIC IX FONDO DE INVERSIÓN
CFIANXII-E,9506,I,FINRE,AAAw+cAAhAABP4RAAW,AMERIS PRIVATE EQUITY NORDIC IX FONDO DE INVERSIÓN
CFIANXIX-E,9506,X,FINRE,AAAw+cAAhAABP4RAAW,AMERIS PRIVATE EQUITY NORDIC IX FONDO DE INVERSIÓN
CFICCSII-E,9170,UNICA,FINRE,AAAw+cAAhAABP4OAAd,FONDO DE INVERSIÓN CREDICORP CAPITAL PRIVATE EQUITY – PG SECONDARIES II
CFICCPGF-E,9185,E,FINRE,AAAw+cAAhAABP4LAAh,FONDO DE INVERSIÓN CREDICORP CAPITAL PRIVATE EQUITY – PG SECONDARIES II FULLY FUNDED
CFIPE10A-E,10443,A,FINRE,AAAw+cAAhAABQK7AAE,VOLCOMCAPITAL PRIVATE EQUITY X FONDO DE INVERSIÓN
CFIPE10B-E,10443,B,FINRE,AAAw+cAAhAABQK7AAE,VOLCOMCAPITAL PRIVATE EQUITY X FONDO DE INVERSIÓN
CFIPE10C-E,10443,C,FINRE,AAAw+cAAhAABQK7AAE,VOLCOMCAPITAL PRIVATE EQUITY X FONDO DE INVERSIÓN
CFIBGAIA-E,10106,A,FINRE,AAAw+cAAhAABQKCAAf,BICE GAIP FONDO DE INVERSIÓN
CFIBGAII-E,10106,I,FINRE,AAAw+cAAhAABQKCAAf,BICE GAIP FONDO DE INVERSIÓN
CFIPE17A-E,9416,A,FINRE,AAAw+cAAhAABP4KAAK,COMPASS PRIVATE EQUITY XVII FONDO DE INVERSION
CFIXMIXA-E,10637,A,FINRE,AAAw+cAAhAABQK6AAg,XLC ACTIVOS I FONDO DE INVERSIÓN
CFIXMIXB-E,10637,A,FINRE,AAAw+cAAhAABQK6AAg,XLC ACTIVOS I FONDO DE INVERSIÓN
CFIXMIXC-E,10637,A,FINRE,AAAw+cAAhAABQK6AAg,XLC ACTIVOS I FONDO DE INVERSIÓN
CFIXACTB-E,10715,A,FINRE,AAAw+cAAhAABQK7AAv,XLC ACTIVOS II FONDO DE INVERSIÓN
CFIXACTC-E,10715,A,FINRE,AAAw+cAAhAABQK7AAv,XLC ACTIVOS II FONDO DE INVERSIÓN
CFIBALTK,9969,K,FINRE,AAAw+cAAhAABQKAAAP,BICE ALTERNATIVOS FONDO DE INVERSION
CFIBALTR,9969,R,FINRE,AAAw+cAAhAABQKAAAP,BICE ALTERNATIVOS FONDO DE INVERSION
CFIBALTX,9969,X,FINRE,AAAw+cAAhAABQKAAAP,BICE ALTERNATIVOS FONDO DE INVERSION
CFIAFOGANI,10643,NI,FINRE,AAAw+cAAhAABQK6AAh,AMERIS DEUDA PRIVADA CON GARANTÍA FOGAPE FONDO DE INVERSIÓN
CFIAFOGANX,10643,NX,FINRE,AAAw+cAAhAABQK6AAh,AMERIS DEUDA PRIVADA CON GARANTÍA FOGAPE FONDO DE INVERSIÓN
CFILVHVI-E,7196,A,FINRE,AAAw+cAAhAABP4CAA2,FONDO DE INVERSION LARRAIN VIAL HARBOURVEST EX-US
CFILAPA-E,9998,A,FINRE,AAAw+cAAhAABQKFAAP,VINCI COMPASS LAPCO FONDO DE INVERSIÓN
CFILAPB-E,9998,B,FINRE,AAAw+cAAhAABQKFAAP,VINCI COMPASS LAPCO FONDO DE INVERSIÓN
CFILAPC-E,9998,C,FINRE,AAAw+cAAhAABQKFAAP,VINCI COMPASS LAPCO FONDO DE INVERSIÓN
CFILAPD-E,9998,D,FINRE,AAAw+cAAhAABQKFAAP,VINCI COMPASS LAPCO FONDO DE INVERSIÓN
CFILAPI-E,9998,I,FINRE,AAAw+cAAhAABQKFAAP,VINCI COMPASS LAPCO FONDO DE INVERSIÓN
"CFIBPDCCHP
    No Inscrita",7184,A,FIRES,AAAw+cAAhAABP4CAA6,BTG PACTUAL DEUDA CORPORATIVA CHILE FONDO DE INVERSION
CFIAFE3F,9219,A,FINRE,AAAw+cAAhAABP4MAAs,FONDO DE INVERSIÓN ACTIVA FINANCIAMIENTO ESTRUCTURADO
CFIBPMAA-E,10496,A,FIRES,AAAw+cAAhAABQK/AAJ,BTG PACTUAL MÉXICO ALPHA FONDO DE INVERSIÓN
CFIBPMAI-E,10496,I,FIRES,AAAw+cAAhAABQK/AAJ,BTG PACTUAL MÉXICO ALPHA FONDO DE INVERSIÓN
CFIBPMAM-E,10496,M,FIRES,AAAw+cAAhAABQK/AAJ,BTG PACTUAL MÉXICO ALPHA FONDO DE INVERSIÓN
CFIMC14A-E,9901,A,FINRE,AAAw+cAAhAABQKDAAD,MONEDA ALPINVEST CO-INVESTMENT FUND VIII FONDO DE INVERSIÓN
CFIMC14B-E,9901,B,FINRE,AAAw+cAAhAABQKDAAD,MONEDA ALPINVEST CO-INVESTMENT FUND VIII FONDO DE INVERSIÓN
CFIMC14I-E,9901,I,FINRE,AAAw+cAAhAABQKDAAD,MONEDA ALPINVEST CO-INVESTMENT FUND VIII FONDO DE INVERSIÓN
CFIM14AE-E,9901,AE,FINRE,AAAw+cAAhAABQKDAAD,MONEDA ALPINVEST CO-INVESTMENT FUND VIII FONDO DE INVERSIÓN
CFIMBD4A-E,10683,A,FINRE,AAAw+cAAhAABQK9AAk,MBI DEUDA PRIVADA IV FONDO DE INVERSIÓN
CFIMBD4C-E,10683,C,FINRE,AAAw+cAAhAABQK9AAk,MBI DEUDA PRIVADA IV FONDO DE INVERSIÓN
CFIMBD4I-E,10683,I,FINRE,AAAw+cAAhAABQK9AAk,MBI DEUDA PRIVADA IV FONDO DE INVERSIÓN
CFIPE15C-E,9307,C,FINRE,AAAw+cAAhAABP4NAA0,COMPASS PRIVATE EQUITY XV FONDO DE INVERSION
CFIAMSLPA,9919,A,FIRES,AAAw+cAAhAABQKBAAC,AMERIS AATECH FINANCIAMIENTO CORTO PLAZO FONDO DE INVERSIÓN
CFIAMSLPI,9919,A,FIRES,AAAw+cAAhAABQKBAAC,AMERIS AATECH FINANCIAMIENTO CORTO PLAZO FONDO DE INVERSIÓN
CFIAMSLPX,9919,A,FIRES,AAAw+cAAhAABQKBAAC,AMERIS AATECH FINANCIAMIENTO CORTO PLAZO FONDO DE INVERSIÓN
CFIAATHFCP,9919,AATECH,FIRES,AAAw+cAAhAABQKBAAC,AMERIS AATECH FINANCIAMIENTO CORTO PLAZO FONDO DE INVERSIÓN
CFILVADV-E,7239,A,FINRE,AAAw+cAAhAABP4CAAu,FONDO DE INVERSION LARRAIN VIAL DOVER
CFILVFA-L,9306,L,FIRES,AAAw+cAAhAABP4PAAz,FONDO DE INVERSIÓN LARRAINVIAL FACTURAS Y FINANCIAMIENTO DE CORTO PLAZO
CFILCAPX-E,9781,A,FINRE,AAAw+cAAhAABP4TAAs,FONDO DE INVERSIÓN LINK – AP X
CFIEARFCHA,9476,A,FIRES,AAAw+cAAhAABP4LAAT,FONDO DE INVERSIÓN ZURICH RENTA FIJA CHILE INDEX FUND
